#
# A fatal error has been detected by the Java Runtime Environment:
#
#  EXCEPTION_ACCESS_VIOLATION (0xc0000005) at pc=0x000000000004c1f0, pid=23352, tid=24180
#
# JRE version: OpenJDK Runtime Environment Temurin-21.0.9+10 (21.0.9+10) (build 21.0.9+10-LTS)
# Java VM: OpenJDK 64-Bit Server VM Temurin-21.0.9+10 (21.0.9+10-LTS, mixed mode, tiered, compressed oops, compressed class ptrs, g1 gc, windows-amd64)
# Problematic frame:
# V  [jvm.dll+0x6b3550]
#
# No core dump will be written. Minidumps are not enabled by default on client versions of Windows
#
# If you would like to submit a bug report, please visit:
#   https://github.com/adoptium/adoptium-support/issues
#

---------------  S U M M A R Y ------------

Command Line: -Djavax.net.ssl.trustStoreType=WINDOWS-ROOT -Dsun.java2d.d3d=false --add-exports=java.desktop/sun.awt=ALL-UNNAMED --add-opens=java.desktop/java.awt=ALL-UNNAMED -Dfile.encoding=UTF8 com.st.microxplorer.maingui.STM32CubeMX E:\AWL_WORK\Wheel-legged\Wheel-legged\Wheel-legged.ioc

Host: Intel(R) Core(TM) i9-14900HX, 32 cores, 15G,  Windows 11 , 64 bit Build 26100 (10.0.26100.8328)
Time: Mon Jun  8 15:24:37 2026 elapsed time: 274.448369 seconds (0d 0h 4m 34s)

---------------  T H R E A D  ---------------

Current thread (0x000001bff48887f0):  JavaThread "C2 CompilerThread0" daemon [_thread_in_native, id=24180, stack(0x0000000101400000,0x0000000101500000) (1024K)]


Current CompileTask:
C2:274448 23662       4       javax.swing.text.BoxView::layoutMajorAxis (284 bytes)

Stack: [0x0000000101400000,0x0000000101500000],  sp=0x00000001014fc130,  free space=1008k
Native frames: (J=compiled Java code, j=interpreted, Vv=VM code, C=native code)
C  0x000000000004c1f0


siginfo: EXCEPTION_ACCESS_VIOLATION (0xc0000005), writing address 0x0000000000000003


Registers:
RAX=0x0000000000000003, RBX=0x000001bfff457618, RCX=0x000001bfff457618, RDX=0x0000000000000002
RSP=0x00000001014fc128, RBP=0x0000000000000000, RSI=0x0000000000000002, RDI=0x0000000000000000
R8 =0x0000000000000000, R9 =0x000001c100953f70, R10=0x000001bfff457650, R11=0x000001bfff457660
R12=0x000001bffce93358, R13=0x000001bffe5571f8, R14=0x0000000000000010, R15=0x00000001014fc920
RIP=0x000000000004c1f0, EFLAGS=0x0000000000010202

XMM[0]=0x0000000000000000 0x0000000000000000
XMM[1]=0x000001bfff459580 0x000001bfff4595f0
XMM[2]=0x000001bfff458a60 0x000001bfff45aa90
XMM[3]=0x0000000000000000 0x0000000000000000
XMM[4]=0x0000000000000000 0x0000000000000000
XMM[5]=0x000001bf80e5c578 0x000001bf80e5c5e0
XMM[6]=0x0000000000000000 0x0000000000000000
XMM[7]=0x0000000000000000 0x0000000000000000
XMM[8]=0x0000000000000000 0x0000000000000000
XMM[9]=0x0000000000000000 0x0000000000000000
XMM[10]=0x0000000000000000 0x0000000000000000
XMM[11]=0x0000000000000000 0x0000000000000000
XMM[12]=0x0000000000000000 0x0000000000000000
XMM[13]=0x0000000000000000 0x0000000000000000
XMM[14]=0x0000000000000000 0x0000000000000000
XMM[15]=0x0000000000000000 0x0000000000000000
  MXCSR=0x00001fa2


Register to memory mapping:

RAX=0x0000000000000003 is an unknown value
RBX=0x000001bfff457618 points into unknown readable memory: 0x00007ffbc151f080 | 80 f0 51 c1 fb 7f 00 00
RCX=0x000001bfff457618 points into unknown readable memory: 0x00007ffbc151f080 | 80 f0 51 c1 fb 7f 00 00
RDX=0x0000000000000002 is an unknown value
RSP=0x00000001014fc128 is pointing into the stack for thread: 0x000001bff48887f0
RBP=0x0 is null
RSI=0x0000000000000002 is an unknown value
RDI=0x0 is null
R8 =0x0 is null
R9 =0x000001c100953f70 is an unknown value
R10=0x000001bfff457650 points into unknown readable memory: 0x0000000000000000 | 00 00 00 00 00 00 00 00
R11=0x000001bfff457660 points into unknown readable memory: 0x000001bffe5571f8 | f8 71 55 fe bf 01 00 00
R12=0x000001bffce93358 points into unknown readable memory: 0x000001bff4850ec0 | c0 0e 85 f4 bf 01 00 00
R13=0x000001bffe5571f8 points into unknown readable memory: 0x00007ffbc151ef90 | 90 ef 51 c1 fb 7f 00 00
R14=0x0000000000000010 is an unknown value
R15=0x00000001014fc920 is pointing into the stack for thread: 0x000001bff48887f0

Top of Stack: (sp=0x00000001014fc128)
0x00000001014fc128:   00007ffbc1193550 000001bfff457618
0x00000001014fc138:   000001bfff459660 000001bfff5b9338
0x00000001014fc148:   00007ffbc11de099 000001bfff457618
0x00000001014fc158:   0000000000020301 000001bff48807d0
0x00000001014fc168:   000001bffe5571f8 000001bff4850ec0
0x00000001014fc178:   00007ffbc11df003 0000000000000002
0x00000001014fc188:   00000001014fc920 000001bff49b2dc0
0x00000001014fc198:   0000000000000000 000001bff49b3220
0x00000001014fc1a8:   000001bff49b33f0 000001bff49b31f0
0x00000001014fc1b8:   000001bff48807d0 000001bfff4576f8
0x00000001014fc1c8:   000001bfff4576f8 000001bff4850e00
0x00000001014fc1d8:   0000000000000000 00000001014fc920
0x00000001014fc1e8:   000001bffa7c97e0 00000001014fc920
0x00000001014fc1f8:   00007ffbc11dfbdc 000001bf80e55438
0x00000001014fc208:   000001bff49b31f0 000001bff49bada8
0x00000001014fc218:   0000000000020338 000001bfd2642490
0x00000001014fc228:   000001bfff4576f8 000001bff4850e00
0x00000001014fc238:   0000000000000000 0000000000000004
0x00000001014fc248:   00000001014fc610 000001bf80e55438
0x00000001014fc258:   00007ffbc10e2876 00000001014fc920
0x00000001014fc268:   000001bfff4578a0 000001bfff4578a8
0x00000001014fc278:   00000001014fc920 000001bff48807d0
0x00000001014fc288:   000001bf00000020 000001bff49b30f0
0x00000001014fc298:   000001bf00000016 000001bf00000040
0x00000001014fc2a8:   000001bff49b2ff0 000001bf00000040
0x00000001014fc2b8:   000001bff48807d0 0000000100000000
0x00000001014fc2c8:   000001bf86772398 00000001014fc3e0
0x00000001014fc2d8:   00007ffbc10de1ba 0000000000000001
0x00000001014fc2e8:   000001bf86772398 00000001014fc610
0x00000001014fc2f8:   0000000000000000 0000000000000070
0x00000001014fc308:   00007ffbc0dce9f9 000001bff48807d0
0x00000001014fc318:   00007ffb00000100 000001bffeb5faf0 

Instructions: (pc=0x00007ffbc1193550)
0x00007ffbc1193450:   3b 53 20 73 10 48 8b 43 28 48 8d 14 90 8b 02 44
0x00007ffbc1193460:   0f b3 c0 89 02 ff 4b 18 8b 4b 18 48 8b 43 10 48
0x00007ffbc1193470:   8b 34 c8 3b 7b 08 72 0a 8b d7 48 8b cb e8 ae ea
0x00007ffbc1193480:   ff ff 48 8b 43 10 ff cf 49 89 34 06 ff c7 3b 7b
0x00007ffbc1193490:   18 72 8d 4c 8b 74 24 38 48 8b 74 24 30 48 8b 5c
0x00007ffbc11934a0:   24 40 48 8b 6c 24 48 48 83 c4 20 5f c3 cc cc cc
0x00007ffbc11934b0:   40 53 57 41 55 41 57 48 83 ec 28 4d 8b f9 49 8b
0x00007ffbc11934c0:   f8 4c 8b ea 48 8b d9 49 3b d0 75 0d 33 c0 48 83
0x00007ffbc11934d0:   c4 28 41 5f 41 5d 5f 5b c3 44 8b 41 1c 48 89 6c
0x00007ffbc11934e0:   24 50 33 ed 48 89 74 24 58 8b f5 45 85 c0 0f 84
0x00007ffbc11934f0:   66 01 00 00 8b 0d ee a0 63 00 65 48 8b 04 25 58
0x00007ffbc1193500:   00 00 00 4c 89 64 24 60 4c 89 74 24 20 4c 8d 24
0x00007ffbc1193510:   c8 4c 8b 53 08 8b c6 4c 8d 34 c5 00 00 00 00 4f
0x00007ffbc1193520:   8b 0c 16 4f 8d 1c 16 4d 3b cd 0f 85 11 01 00 00
0x00007ffbc1193530:   8b 43 18 3b f0 0f 83 7c 00 00 00 4d 85 ff 74 15
0x00007ffbc1193540:   4d 8b cf 4c 8b c7 8b d6 48 8b cb e8 f0 c1 04 00
0x00007ffbc1193550:   e9 ea 00 00 00 4d 85 c9 74 2d 49 8b 49 10 48 85
0x00007ffbc1193560:   c9 74 24 41 8b 41 20 48 8d 14 c1 0f 1f 44 00 00
0x00007ffbc1193570:   48 39 5a f8 48 8d 52 f8 75 f6 ff c8 41 89 41 20
0x00007ffbc1193580:   48 8b 0c c1 48 89 0a 49 89 3b 48 85 ff 74 0b 48
0x00007ffbc1193590:   8b d3 48 8b cf e8 b6 a8 9d ff 49 8b 04 24 b9 70
0x00007ffbc11935a0:   00 00 00 80 3c 01 00 0f 85 92 00 00 00 e8 ae 0b
0x00007ffbc11935b0:   2a 00 e9 88 00 00 00 4c 3b cf 0f 84 7f 00 00 00
0x00007ffbc11935c0:   48 85 ff 74 70 41 3b c0 73 24 66 0f 1f 44 00 00
0x00007ffbc11935d0:   8b c8 49 8b 14 ca 48 3b d7 74 0e 48 85 d2 74 0e
0x00007ffbc11935e0:   ff c0 41 3b c0 72 e9 eb 05 83 f8 ff 75 47 4d 85
0x00007ffbc11935f0:   c9 74 28 49 8b 49 10 48 85 c9 74 1f 41 8b 41 20
0x00007ffbc1193600:   48 8d 14 c1 48 39 5a f8 48 8d 52 f8 75 f6 ff c8
0x00007ffbc1193610:   41 89 41 20 48 8b 0c c1 48 89 0a 48 8b 43 08 48
0x00007ffbc1193620:   8b d3 48 8b cf 49 89 3c 06 e8 22 a8 9d ff e8 1d
0x00007ffbc1193630:   0f 96 ff eb 0a 8b d6 48 8b cb e8 e1 00 00 00 ff
0x00007ffbc1193640:   c5 44 8b 43 1c ff c6 41 3b f0 0f 82 c1 fe ff ff 


Stack slot to memory mapping:

stack at sp + 0 slots: 0x000001bfff457618 points into unknown readable memory: 0x00007ffbc151f080 | 80 f0 51 c1 fb 7f 00 00
stack at sp + 1 slots: 0x000001bfff459660 points into unknown readable memory: 0x00007ffbc151fe40 | 40 fe 51 c1 fb 7f 00 00
stack at sp + 2 slots: 0x000001bfff5b9338 points into unknown readable memory: 0x00000001014fea30 | 30 ea 4f 01 01 00 00 00
stack at sp + 3 slots: 0x00007ffbc11de099 jvm.dll
stack at sp + 4 slots: 0x000001bfff457618 points into unknown readable memory: 0x00007ffbc151f080 | 80 f0 51 c1 fb 7f 00 00
stack at sp + 5 slots: 0x0000000000020301 is an unknown value
stack at sp + 6 slots: 0x000001bff48807d0 points into unknown readable memory: 0x0000000000000007 | 07 00 00 00 00 00 00 00
stack at sp + 7 slots: 0x000001bffe5571f8 points into unknown readable memory: 0x00007ffbc151ef90 | 90 ef 51 c1 fb 7f 00 00


---------------  P R O C E S S  ---------------

Threads class SMR info:
_java_thread_list=0x000001bffb0e75e0, length=33, elements={
0x000001bff47cd7e0, 0x000001bff47ce2b0, 0x000001bff486c870, 0x000001bff486d340,
0x000001bff4852f10, 0x000001bff48539e0, 0x000001bff48887f0, 0x000001bff489e950,
0x000001bff90ee030, 0x000001bff90f89a0, 0x000001bffa400360, 0x000001bffaaa6550,
0x000001bffaab8300, 0x000001bffabdfae0, 0x000001bffaf28d60, 0x000001bffaf2b640,
0x000001bffaf2a1d0, 0x000001bffaf2a8a0, 0x000001bffd7d3b90, 0x000001bffd7d4930,
0x000001bffd0ad040, 0x000001bffd0adde0, 0x000001bffd0ac2a0, 0x000001bffd0ac970,
0x000001bffd0b0d90, 0x000001bffd0ae4b0, 0x000001bffd0ad710, 0x000001bffd0b1b30,
0x000001bffec660d0, 0x000001bf865fb1f0, 0x000001bf865fb8c0, 0x000001bffced08f0,
0x000001bf865fbf90
}

Java Threads: ( => current thread )
  0x000001bff47cd7e0 JavaThread "Reference Handler"          daemon [_thread_blocked, id=10344, stack(0x0000000100e00000,0x0000000100f00000) (1024K)]
  0x000001bff47ce2b0 JavaThread "Finalizer"                  daemon [_thread_blocked, id=28384, stack(0x0000000100f00000,0x0000000101000000) (1024K)]
  0x000001bff486c870 JavaThread "Signal Dispatcher"          daemon [_thread_blocked, id=24528, stack(0x0000000101000000,0x0000000101100000) (1024K)]
  0x000001bff486d340 JavaThread "Attach Listener"            daemon [_thread_blocked, id=34696, stack(0x0000000101100000,0x0000000101200000) (1024K)]
  0x000001bff4852f10 JavaThread "Service Thread"             daemon [_thread_blocked, id=29160, stack(0x0000000101200000,0x0000000101300000) (1024K)]
  0x000001bff48539e0 JavaThread "Monitor Deflation Thread"   daemon [_thread_blocked, id=9456, stack(0x0000000101300000,0x0000000101400000) (1024K)]
=>0x000001bff48887f0 JavaThread "C2 CompilerThread0"         daemon [_thread_in_native, id=24180, stack(0x0000000101400000,0x0000000101500000) (1024K)]
  0x000001bff489e950 JavaThread "C1 CompilerThread0"         daemon [_thread_blocked, id=4180, stack(0x0000000101500000,0x0000000101600000) (1024K)]
  0x000001bff90ee030 JavaThread "Notification Thread"        daemon [_thread_blocked, id=16376, stack(0x0000000101700000,0x0000000101800000) (1024K)]
  0x000001bff90f89a0 JavaThread "Common-Cleaner"             daemon [_thread_blocked, id=35044, stack(0x0000000101800000,0x0000000101900000) (1024K)]
  0x000001bffa400360 JavaThread "Java2D Disposer"            daemon [_thread_blocked, id=36644, stack(0x0000000102f00000,0x0000000103000000) (1024K)]
  0x000001bffaaa6550 JavaThread "AWT-Shutdown"                      [_thread_blocked, id=22120, stack(0x0000000103000000,0x0000000103100000) (1024K)]
  0x000001bffaab8300 JavaThread "AWT-Windows"                daemon [_thread_in_native, id=18780, stack(0x0000000103100000,0x0000000103200000) (1024K)]
  0x000001bffabdfae0 JavaThread "AWT-EventQueue-0"                  [_thread_blocked, id=32044, stack(0x0000000103200000,0x0000000103300000) (1024K)]
  0x000001bffaf28d60 JavaThread "DestroyJavaVM"                     [_thread_blocked, id=33204, stack(0x0000000100600000,0x0000000100700000) (1024K)]
  0x000001bffaf2b640 JavaThread "TimerQueue"                 daemon [_thread_blocked, id=14904, stack(0x0000000104000000,0x0000000104100000) (1024K)]
  0x000001bffaf2a1d0 JavaThread "IPC Server Thread"          daemon [_thread_in_native, id=30292, stack(0x0000000104700000,0x0000000104800000) (1024K)]
  0x000001bffaf2a8a0 JavaThread "Chromium Process Thread"           [_thread_in_native, id=31908, stack(0x0000000104800000,0x0000000104900000) (1024K)]
  0x000001bffd7d3b90 JavaThread "Chromium Process Logger"    daemon [_thread_in_native, id=36700, stack(0x0000000104a00000,0x0000000104b00000) (1024K)]
  0x000001bffd7d4930 JavaThread "IPC Memory Reader Thread"          [_thread_in_native, id=35328, stack(0x0000000101e00000,0x0000000101f00000) (1024K)]
  0x000001bffd0ad040 JavaThread "Browser Thread: c5c068da-9a82-4e21-ae9d-a52d49c6f4dd" daemon [_thread_blocked, id=16232, stack(0x0000000104b00000,0x0000000104c00000) (1024K)]
  0x000001bffd0adde0 JavaThread "Socket Connection Checker: c5c068da-9a82-4e21-ae9d-a52d49c6f4dd"        [_thread_in_native, id=7472, stack(0x0000000104c00000,0x0000000104d00000) (1024K)]
  0x000001bffd0ac2a0 JavaThread "Network Thread: e9851c14-629e-4d3b-beb6-42e5515766e4" daemon [_thread_blocked, id=36412, stack(0x0000000104f00000,0x0000000105000000) (1024K)]
  0x000001bffd0ac970 JavaThread "IPC Memory Reader Thread"          [_thread_in_native, id=22064, stack(0x0000000104e00000,0x0000000104f00000) (1024K)]
  0x000001bffd0b0d90 JavaThread "Socket Connection Checker: e9851c14-629e-4d3b-beb6-42e5515766e4"        [_thread_in_native, id=34064, stack(0x0000000105000000,0x0000000105100000) (1024K)]
  0x000001bffd0ae4b0 JavaThread "GPU Thread: 894bf4c8-b9ce-4764-8a2c-05c05bf4309d" daemon [_thread_blocked, id=22716, stack(0x0000000105400000,0x0000000105500000) (1024K)]
  0x000001bffd0ad710 JavaThread "IPC Memory Reader Thread"          [_thread_in_native, id=32308, stack(0x0000000105300000,0x0000000105400000) (1024K)]
  0x000001bffd0b1b30 JavaThread "Socket Connection Checker: 894bf4c8-b9ce-4764-8a2c-05c05bf4309d"        [_thread_in_native, id=32188, stack(0x0000000105500000,0x0000000105600000) (1024K)]
  0x000001bffec660d0 JavaThread "SwingWorker-pool-4-thread-1" daemon [_thread_blocked, id=27496, stack(0x0000000105f00000,0x0000000106000000) (1024K)]
  0x000001bf865fb1f0 JavaThread "SwingWorker-pool-4-thread-2" daemon [_thread_blocked, id=29372, stack(0x0000000101600000,0x0000000101700000) (1024K)]
  0x000001bf865fb8c0 JavaThread "Render Thread: 46bb2488-0229-4324-b1bc-9adf6672a77b" daemon [_thread_blocked, id=18464, stack(0x0000000104600000,0x0000000104700000) (1024K)]
  0x000001bffced08f0 JavaThread "IPC Memory Reader Thread"          [_thread_in_native, id=32016, stack(0x0000000104400000,0x0000000104500000) (1024K)]
  0x000001bf865fbf90 JavaThread "Socket Connection Checker: 46bb2488-0229-4324-b1bc-9adf6672a77b"        [_thread_in_native, id=35828, stack(0x0000000105100000,0x0000000105200000) (1024K)]
Total: 33

Other Threads:
  0x000001bff0d85f70 VMThread "VM Thread"                           [id=2808, stack(0x0000000100d00000,0x0000000100e00000) (1024K)]
  0x000001bff471aa20 WatcherThread "VM Periodic Task Thread"        [id=28112, stack(0x0000000100c00000,0x0000000100d00000) (1024K)]
  0x000001bff0bc0810 WorkerThread "GC Thread#0"                     [id=36104, stack(0x0000000100700000,0x0000000100800000) (1024K)]
  0x000001bffa234ad0 WorkerThread "GC Thread#1"                     [id=14420, stack(0x0000000102000000,0x0000000102100000) (1024K)]
  0x000001bffa234eb0 WorkerThread "GC Thread#2"                     [id=34688, stack(0x0000000102100000,0x0000000102200000) (1024K)]
  0x000001bffa235290 WorkerThread "GC Thread#3"                     [id=34452, stack(0x0000000102200000,0x0000000102300000) (1024K)]
  0x000001bff9fdac20 WorkerThread "GC Thread#4"                     [id=2424, stack(0x0000000102300000,0x0000000102400000) (1024K)]
  0x000001bff9fdb000 WorkerThread "GC Thread#5"                     [id=28740, stack(0x0000000102400000,0x0000000102500000) (1024K)]
  0x000001bffa0e5dc0 WorkerThread "GC Thread#6"                     [id=26472, stack(0x0000000102500000,0x0000000102600000) (1024K)]
  0x000001bffa0e61a0 WorkerThread "GC Thread#7"                     [id=26288, stack(0x0000000102600000,0x0000000102700000) (1024K)]
  0x000001bffa0ff740 WorkerThread "GC Thread#8"                     [id=16444, stack(0x0000000102700000,0x0000000102800000) (1024K)]
  0x000001bffa0feba0 WorkerThread "GC Thread#9"                     [id=29636, stack(0x0000000102800000,0x0000000102900000) (1024K)]
  0x000001bffa0ffb20 WorkerThread "GC Thread#10"                    [id=17784, stack(0x0000000102900000,0x0000000102a00000) (1024K)]
  0x000001bffa3dc750 WorkerThread "GC Thread#11"                    [id=33856, stack(0x0000000101f00000,0x0000000102000000) (1024K)]
  0x000001bffa3db7d0 WorkerThread "GC Thread#12"                    [id=34700, stack(0x0000000103400000,0x0000000103500000) (1024K)]
  0x000001bffa3dbbb0 WorkerThread "GC Thread#13"                    [id=4712, stack(0x0000000103500000,0x0000000103600000) (1024K)]
  0x000001bffa3dcb30 WorkerThread "GC Thread#14"                    [id=1556, stack(0x0000000103600000,0x0000000103700000) (1024K)]
  0x000001bffa3dcf10 WorkerThread "GC Thread#15"                    [id=36360, stack(0x0000000103700000,0x0000000103800000) (1024K)]
  0x000001bffa3dd6d0 WorkerThread "GC Thread#16"                    [id=26660, stack(0x0000000103800000,0x0000000103900000) (1024K)]
  0x000001bffa34d340 WorkerThread "GC Thread#17"                    [id=35680, stack(0x0000000103900000,0x0000000103a00000) (1024K)]
  0x000001bffa34f240 WorkerThread "GC Thread#18"                    [id=4408, stack(0x0000000103a00000,0x0000000103b00000) (1024K)]
  0x000001bffa34db00 WorkerThread "GC Thread#19"                    [id=31572, stack(0x0000000103b00000,0x0000000103c00000) (1024K)]
  0x000001bffa34e2c0 WorkerThread "GC Thread#20"                    [id=15760, stack(0x0000000103c00000,0x0000000103d00000) (1024K)]
  0x000001bffa34ea80 WorkerThread "GC Thread#21"                    [id=25752, stack(0x0000000104200000,0x0000000104300000) (1024K)]
  0x000001bffa34cf60 WorkerThread "GC Thread#22"                    [id=744, stack(0x0000000104500000,0x0000000104600000) (1024K)]
  0x000001bfd267e980 ConcurrentGCThread "G1 Main Marker"            [id=32716, stack(0x0000000100800000,0x0000000100900000) (1024K)]
  0x000001bff0bcaab0 WorkerThread "G1 Conc#0"                       [id=33900, stack(0x0000000100900000,0x0000000100a00000) (1024K)]
  0x000001bffa1002e0 WorkerThread "G1 Conc#1"                       [id=10068, stack(0x0000000102a00000,0x0000000102b00000) (1024K)]
  0x000001bffa0fe7c0 WorkerThread "G1 Conc#2"                       [id=27476, stack(0x0000000102b00000,0x0000000102c00000) (1024K)]
  0x000001bffa0fef80 WorkerThread "G1 Conc#3"                       [id=27348, stack(0x0000000102c00000,0x0000000102d00000) (1024K)]
  0x000001bffa0ff360 WorkerThread "G1 Conc#4"                       [id=26924, stack(0x0000000102d00000,0x0000000102e00000) (1024K)]
  0x000001bffa0fff00 WorkerThread "G1 Conc#5"                       [id=23172, stack(0x0000000102e00000,0x0000000102f00000) (1024K)]
  0x000001bff0d13420 ConcurrentGCThread "G1 Refine#0"               [id=26632, stack(0x0000000100a00000,0x0000000100b00000) (1024K)]
  0x000001bff0d140b0 ConcurrentGCThread "G1 Service"                [id=34764, stack(0x0000000100b00000,0x0000000100c00000) (1024K)]
Total: 34

Threads with active compile tasks:
C2 CompilerThread0  274513 23662       4       javax.swing.text.BoxView::layoutMajorAxis (284 bytes)
Total: 1

VM state: not at safepoint (normal execution)

VM Mutex/Monitor currently owned by a thread: None

Heap address: 0x0000000704800000, size: 4024 MB, Compressed Oops mode: Zero based, Oop shift amount: 3

CDS archive(s) not mapped
Compressed class space mapped at: 0x0000000800000000-0x0000000840000000, reserved size: 1073741824
Narrow klass base: 0x0000000800000000, Narrow klass shift: 0, Narrow klass range: 0x40000000

GC Precious Log:
 CardTable entry size: 512
 Card Set container configuration: InlinePtr #cards 4 size 8 Array Of Cards #cards 16 size 48 Howl #buckets 8 coarsen threshold 3686 Howl Bitmap #cards 512 size 80 coarsen threshold 460 Card regions per heap region 1 cards per card region 4096
 CPUs: 32 total, 32 available
 Memory: 16088M
 Large Page Support: Disabled
 NUMA Support: Disabled
 Compressed Oops: Enabled (Zero based)
 Heap Region Size: 2M
 Heap Min Capacity: 8M
 Heap Initial Capacity: 252M
 Heap Max Capacity: 4024M
 Pre-touch: Disabled
 Parallel Workers: 23
 Concurrent Workers: 6
 Concurrent Refinement Workers: 23
 Periodic GC: Disabled

Heap:
 garbage-first heap   total 798720K, used 484474K [0x0000000704800000, 0x0000000800000000)
  region size 2048K, 114 young (233472K), 6 survivors (12288K)
 Metaspace       used 106829K, committed 108224K, reserved 1179648K
  class space    used 11895K, committed 12544K, reserved 1048576K

Heap Regions: E=young(eden), S=young(survivor), O=old, HS=humongous(starts), HC=humongous(continues), CS=collection set, F=free, TAMS=top-at-mark-start, PB=parsable bottom
|   0|0x0000000704800000, 0x0000000704a00000, 0x0000000704a00000|100%|HS|  |TAMS 0x0000000704800000| PB 0x0000000704800000| Complete 
|   1|0x0000000704a00000, 0x0000000704c00000, 0x0000000704c00000|100%|HC|  |TAMS 0x0000000704a00000| PB 0x0000000704a00000| Complete 
|   2|0x0000000704c00000, 0x0000000704e00000, 0x0000000704e00000|100%|HC|  |TAMS 0x0000000704c00000| PB 0x0000000704c00000| Complete 
|   3|0x0000000704e00000, 0x0000000705000000, 0x0000000705000000|100%|HC|  |TAMS 0x0000000704e00000| PB 0x0000000704e00000| Complete 
|   4|0x0000000705000000, 0x0000000705200000, 0x0000000705200000|100%| O|  |TAMS 0x0000000705000000| PB 0x0000000705000000| Untracked 
|   5|0x0000000705200000, 0x0000000705400000, 0x0000000705400000|100%| O|  |TAMS 0x0000000705200000| PB 0x0000000705200000| Untracked 
|   6|0x0000000705400000, 0x0000000705600000, 0x0000000705600000|100%| O|  |TAMS 0x0000000705400000| PB 0x0000000705400000| Untracked 
|   7|0x0000000705600000, 0x00000007057e8598, 0x0000000705800000| 95%| O|  |TAMS 0x0000000705600000| PB 0x0000000705600000| Untracked 
|   8|0x0000000705800000, 0x0000000705a00000, 0x0000000705a00000|100%| O|  |TAMS 0x0000000705800000| PB 0x0000000705800000| Untracked 
|   9|0x0000000705a00000, 0x0000000705c00000, 0x0000000705c00000|100%| O|  |TAMS 0x0000000705a00000| PB 0x0000000705a00000| Untracked 
|  10|0x0000000705c00000, 0x0000000705e00000, 0x0000000705e00000|100%| O|  |TAMS 0x0000000705c00000| PB 0x0000000705c00000| Untracked 
|  11|0x0000000705e00000, 0x0000000706000000, 0x0000000706000000|100%| O|  |TAMS 0x0000000705e00000| PB 0x0000000705e00000| Untracked 
|  12|0x0000000706000000, 0x0000000706200000, 0x0000000706200000|100%| O|  |TAMS 0x0000000706000000| PB 0x0000000706000000| Untracked 
|  13|0x0000000706200000, 0x0000000706400000, 0x0000000706400000|100%| O|  |TAMS 0x0000000706200000| PB 0x0000000706200000| Untracked 
|  14|0x0000000706400000, 0x0000000706600000, 0x0000000706600000|100%|HS|  |TAMS 0x0000000706400000| PB 0x0000000706400000| Complete 
|  15|0x0000000706600000, 0x0000000706800000, 0x0000000706800000|100%| O|  |TAMS 0x0000000706600000| PB 0x0000000706600000| Untracked 
|  16|0x0000000706800000, 0x0000000706a00000, 0x0000000706a00000|100%| O|  |TAMS 0x0000000706800000| PB 0x0000000706800000| Untracked 
|  17|0x0000000706a00000, 0x0000000706c00000, 0x0000000706c00000|100%| O|  |TAMS 0x0000000706a00000| PB 0x0000000706a00000| Untracked 
|  18|0x0000000706c00000, 0x0000000706e00000, 0x0000000706e00000|100%|HS|  |TAMS 0x0000000706c00000| PB 0x0000000706c00000| Complete 
|  19|0x0000000706e00000, 0x0000000707000000, 0x0000000707000000|100%|HS|  |TAMS 0x0000000706e00000| PB 0x0000000706e00000| Complete 
|  20|0x0000000707000000, 0x0000000707200000, 0x0000000707200000|100%|HC|  |TAMS 0x0000000707000000| PB 0x0000000707000000| Complete 
|  21|0x0000000707200000, 0x0000000707400000, 0x0000000707400000|100%|HS|  |TAMS 0x0000000707200000| PB 0x0000000707200000| Complete 
|  22|0x0000000707400000, 0x0000000707600000, 0x0000000707600000|100%|HC|  |TAMS 0x0000000707400000| PB 0x0000000707400000| Complete 
|  23|0x0000000707600000, 0x0000000707800000, 0x0000000707800000|100%|HS|  |TAMS 0x0000000707600000| PB 0x0000000707600000| Complete 
|  24|0x0000000707800000, 0x0000000707a00000, 0x0000000707a00000|100%|HC|  |TAMS 0x0000000707800000| PB 0x0000000707800000| Complete 
|  25|0x0000000707a00000, 0x0000000707c00000, 0x0000000707c00000|100%|HS|  |TAMS 0x0000000707a00000| PB 0x0000000707a00000| Complete 
|  26|0x0000000707c00000, 0x0000000707e00000, 0x0000000707e00000|100%|HC|  |TAMS 0x0000000707c00000| PB 0x0000000707c00000| Complete 
|  27|0x0000000707e00000, 0x0000000708000000, 0x0000000708000000|100%| O|  |TAMS 0x0000000707e00000| PB 0x0000000707e00000| Untracked 
|  28|0x0000000708000000, 0x0000000708200000, 0x0000000708200000|100%|HS|  |TAMS 0x0000000708000000| PB 0x0000000708000000| Complete 
|  29|0x0000000708200000, 0x0000000708400000, 0x0000000708400000|100%|HC|  |TAMS 0x0000000708200000| PB 0x0000000708200000| Complete 
|  30|0x0000000708400000, 0x0000000708600000, 0x0000000708600000|100%|HS|  |TAMS 0x0000000708400000| PB 0x0000000708400000| Complete 
|  31|0x0000000708600000, 0x0000000708800000, 0x0000000708800000|100%|HC|  |TAMS 0x0000000708600000| PB 0x0000000708600000| Complete 
|  32|0x0000000708800000, 0x0000000708a00000, 0x0000000708a00000|100%| O|  |TAMS 0x0000000708800000| PB 0x0000000708800000| Untracked 
|  33|0x0000000708a00000, 0x0000000708c00000, 0x0000000708c00000|100%| O|  |TAMS 0x0000000708a00000| PB 0x0000000708a00000| Untracked 
|  34|0x0000000708c00000, 0x0000000708e00000, 0x0000000708e00000|100%| O|  |TAMS 0x0000000708c00000| PB 0x0000000708c00000| Untracked 
|  35|0x0000000708e00000, 0x0000000709000000, 0x0000000709000000|100%| O|  |TAMS 0x0000000708e00000| PB 0x0000000708e00000| Untracked 
|  36|0x0000000709000000, 0x0000000709200000, 0x0000000709200000|100%| O|  |TAMS 0x0000000709000000| PB 0x0000000709000000| Untracked 
|  37|0x0000000709200000, 0x0000000709400000, 0x0000000709400000|100%|HS|  |TAMS 0x0000000709200000| PB 0x0000000709200000| Complete 
|  38|0x0000000709400000, 0x0000000709600000, 0x0000000709600000|100%|HC|  |TAMS 0x0000000709400000| PB 0x0000000709400000| Complete 
|  39|0x0000000709600000, 0x0000000709800000, 0x0000000709800000|100%|HS|  |TAMS 0x0000000709600000| PB 0x0000000709600000| Complete 
|  40|0x0000000709800000, 0x0000000709a00000, 0x0000000709a00000|100%|HC|  |TAMS 0x0000000709800000| PB 0x0000000709800000| Complete 
|  41|0x0000000709a00000, 0x0000000709c00000, 0x0000000709c00000|100%|HS|  |TAMS 0x0000000709a00000| PB 0x0000000709a00000| Complete 
|  42|0x0000000709c00000, 0x0000000709e00000, 0x0000000709e00000|100%|HC|  |TAMS 0x0000000709c00000| PB 0x0000000709c00000| Complete 
|  43|0x0000000709e00000, 0x000000070a000000, 0x000000070a000000|100%|HS|  |TAMS 0x0000000709e00000| PB 0x0000000709e00000| Complete 
|  44|0x000000070a000000, 0x000000070a200000, 0x000000070a200000|100%|HC|  |TAMS 0x000000070a000000| PB 0x000000070a000000| Complete 
|  45|0x000000070a200000, 0x000000070a400000, 0x000000070a400000|100%| O|  |TAMS 0x000000070a200000| PB 0x000000070a200000| Untracked 
|  46|0x000000070a400000, 0x000000070a600000, 0x000000070a600000|100%| O|  |TAMS 0x000000070a400000| PB 0x000000070a400000| Untracked 
|  47|0x000000070a600000, 0x000000070a800000, 0x000000070a800000|100%| O|  |TAMS 0x000000070a600000| PB 0x000000070a600000| Untracked 
|  48|0x000000070a800000, 0x000000070aa00000, 0x000000070aa00000|100%| O|  |TAMS 0x000000070a800000| PB 0x000000070a800000| Untracked 
|  49|0x000000070aa00000, 0x000000070ac00000, 0x000000070ac00000|100%| O|  |TAMS 0x000000070aa00000| PB 0x000000070aa00000| Untracked 
|  50|0x000000070ac00000, 0x000000070ae00000, 0x000000070ae00000|100%| O|  |TAMS 0x000000070ac00000| PB 0x000000070ac00000| Untracked 
|  51|0x000000070ae00000, 0x000000070b000000, 0x000000070b000000|100%| O|  |TAMS 0x000000070ae00000| PB 0x000000070ae00000| Untracked 
|  52|0x000000070b000000, 0x000000070b200000, 0x000000070b200000|100%| O|  |TAMS 0x000000070b000000| PB 0x000000070b000000| Untracked 
|  53|0x000000070b200000, 0x000000070b400000, 0x000000070b400000|100%| O|  |TAMS 0x000000070b200000| PB 0x000000070b200000| Untracked 
|  54|0x000000070b400000, 0x000000070b600000, 0x000000070b600000|100%| O|  |TAMS 0x000000070b400000| PB 0x000000070b400000| Untracked 
|  55|0x000000070b600000, 0x000000070b800000, 0x000000070b800000|100%| O|  |TAMS 0x000000070b600000| PB 0x000000070b600000| Untracked 
|  56|0x000000070b800000, 0x000000070ba00000, 0x000000070ba00000|100%| O|  |TAMS 0x000000070b800000| PB 0x000000070b800000| Untracked 
|  57|0x000000070ba00000, 0x000000070bc00000, 0x000000070bc00000|100%| O|  |TAMS 0x000000070ba00000| PB 0x000000070ba00000| Untracked 
|  58|0x000000070bc00000, 0x000000070be00000, 0x000000070be00000|100%| O|  |TAMS 0x000000070bc00000| PB 0x000000070bc00000| Untracked 
|  59|0x000000070be00000, 0x000000070c000000, 0x000000070c000000|100%| O|  |TAMS 0x000000070be00000| PB 0x000000070be00000| Untracked 
|  60|0x000000070c000000, 0x000000070c200000, 0x000000070c200000|100%|HS|  |TAMS 0x000000070c000000| PB 0x000000070c000000| Complete 
|  61|0x000000070c200000, 0x000000070c400000, 0x000000070c400000|100%|HC|  |TAMS 0x000000070c200000| PB 0x000000070c200000| Complete 
|  62|0x000000070c400000, 0x000000070c600000, 0x000000070c600000|100%|HC|  |TAMS 0x000000070c400000| PB 0x000000070c400000| Complete 
|  63|0x000000070c600000, 0x000000070c800000, 0x000000070c800000|100%|HC|  |TAMS 0x000000070c600000| PB 0x000000070c600000| Complete 
|  64|0x000000070c800000, 0x000000070ca00000, 0x000000070ca00000|100%|HC|  |TAMS 0x000000070c800000| PB 0x000000070c800000| Complete 
|  65|0x000000070ca00000, 0x000000070cc00000, 0x000000070cc00000|100%| O|  |TAMS 0x000000070ca00000| PB 0x000000070ca00000| Untracked 
|  66|0x000000070cc00000, 0x000000070ce00000, 0x000000070ce00000|100%| O|  |TAMS 0x000000070cc00000| PB 0x000000070cc00000| Untracked 
|  67|0x000000070ce00000, 0x000000070d000000, 0x000000070d000000|100%| O|  |TAMS 0x000000070ce00000| PB 0x000000070ce00000| Untracked 
|  68|0x000000070d000000, 0x000000070d200000, 0x000000070d200000|100%| O|  |TAMS 0x000000070d000000| PB 0x000000070d000000| Untracked 
|  69|0x000000070d200000, 0x000000070d400000, 0x000000070d400000|100%| O|  |TAMS 0x000000070d200000| PB 0x000000070d200000| Untracked 
|  70|0x000000070d400000, 0x000000070d600000, 0x000000070d600000|100%| O|  |TAMS 0x000000070d400000| PB 0x000000070d400000| Untracked 
|  71|0x000000070d600000, 0x000000070d800000, 0x000000070d800000|100%| O|  |TAMS 0x000000070d600000| PB 0x000000070d600000| Untracked 
|  72|0x000000070d800000, 0x000000070da00000, 0x000000070da00000|100%| O|  |TAMS 0x000000070d800000| PB 0x000000070d800000| Untracked 
|  73|0x000000070da00000, 0x000000070dc00000, 0x000000070dc00000|100%| O|  |TAMS 0x000000070da00000| PB 0x000000070da00000| Untracked 
|  74|0x000000070dc00000, 0x000000070de00000, 0x000000070de00000|100%| O|  |TAMS 0x000000070dc00000| PB 0x000000070dc00000| Untracked 
|  75|0x000000070de00000, 0x000000070e000000, 0x000000070e000000|100%| O|  |TAMS 0x000000070de00000| PB 0x000000070de00000| Untracked 
|  76|0x000000070e000000, 0x000000070e200000, 0x000000070e200000|100%| O|  |TAMS 0x000000070e000000| PB 0x000000070e000000| Untracked 
|  77|0x000000070e200000, 0x000000070e400000, 0x000000070e400000|100%| O|  |TAMS 0x000000070e200000| PB 0x000000070e200000| Untracked 
|  78|0x000000070e400000, 0x000000070e600000, 0x000000070e600000|100%| O|  |TAMS 0x000000070e400000| PB 0x000000070e400000| Untracked 
|  79|0x000000070e600000, 0x000000070e800000, 0x000000070e800000|100%| O|  |TAMS 0x000000070e600000| PB 0x000000070e600000| Untracked 
|  80|0x000000070e800000, 0x000000070ea00000, 0x000000070ea00000|100%|HS|  |TAMS 0x000000070e800000| PB 0x000000070e800000| Complete 
|  81|0x000000070ea00000, 0x000000070ec00000, 0x000000070ec00000|100%|HC|  |TAMS 0x000000070ea00000| PB 0x000000070ea00000| Complete 
|  82|0x000000070ec00000, 0x000000070ee00000, 0x000000070ee00000|100%|HC|  |TAMS 0x000000070ec00000| PB 0x000000070ec00000| Complete 
|  83|0x000000070ee00000, 0x000000070f000000, 0x000000070f000000|100%|HC|  |TAMS 0x000000070ee00000| PB 0x000000070ee00000| Complete 
|  84|0x000000070f000000, 0x000000070f200000, 0x000000070f200000|100%|HC|  |TAMS 0x000000070f000000| PB 0x000000070f000000| Complete 
|  85|0x000000070f200000, 0x000000070f400000, 0x000000070f400000|100%|HC|  |TAMS 0x000000070f200000| PB 0x000000070f200000| Complete 
|  86|0x000000070f400000, 0x000000070f600000, 0x000000070f600000|100%|HC|  |TAMS 0x000000070f400000| PB 0x000000070f400000| Complete 
|  87|0x000000070f600000, 0x000000070f800000, 0x000000070f800000|100%|HC|  |TAMS 0x000000070f600000| PB 0x000000070f600000| Complete 
|  88|0x000000070f800000, 0x000000070fa00000, 0x000000070fa00000|100%|HC|  |TAMS 0x000000070f800000| PB 0x000000070f800000| Complete 
|  89|0x000000070fa00000, 0x000000070fc00000, 0x000000070fc00000|100%|HC|  |TAMS 0x000000070fa00000| PB 0x000000070fa00000| Complete 
|  90|0x000000070fc00000, 0x000000070fe00000, 0x000000070fe00000|100%|HC|  |TAMS 0x000000070fc00000| PB 0x000000070fc00000| Complete 
|  91|0x000000070fe00000, 0x0000000710000000, 0x0000000710000000|100%| O|  |TAMS 0x000000070fe00000| PB 0x000000070fe00000| Untracked 
|  92|0x0000000710000000, 0x0000000710200000, 0x0000000710200000|100%| O|  |TAMS 0x0000000710000000| PB 0x0000000710000000| Untracked 
|  93|0x0000000710200000, 0x0000000710400000, 0x0000000710400000|100%| O|  |TAMS 0x0000000710200000| PB 0x0000000710200000| Untracked 
|  94|0x0000000710400000, 0x00000007105a75e0, 0x0000000710600000| 82%| O|  |TAMS 0x0000000710400000| PB 0x0000000710400000| Untracked 
|  95|0x0000000710600000, 0x0000000710717428, 0x0000000710800000| 54%| O|  |TAMS 0x0000000710600000| PB 0x0000000710600000| Untracked 
|  96|0x0000000710800000, 0x0000000710a00000, 0x0000000710a00000|100%| O|  |TAMS 0x0000000710800000| PB 0x0000000710800000| Untracked 
|  97|0x0000000710a00000, 0x0000000710bde410, 0x0000000710c00000| 93%| O|  |TAMS 0x0000000710a00000| PB 0x0000000710a00000| Untracked 
|  98|0x0000000710c00000, 0x0000000710d9fce0, 0x0000000710e00000| 81%| O|  |TAMS 0x0000000710c00000| PB 0x0000000710c00000| Untracked 
|  99|0x0000000710e00000, 0x0000000710e00000, 0x0000000711000000|  0%| F|  |TAMS 0x0000000710e00000| PB 0x0000000710e00000| Untracked 
| 100|0x0000000711000000, 0x0000000711200000, 0x0000000711200000|100%| O|  |TAMS 0x0000000711000000| PB 0x0000000711000000| Untracked 
| 101|0x0000000711200000, 0x0000000711400000, 0x0000000711400000|100%| O|  |TAMS 0x0000000711200000| PB 0x0000000711200000| Untracked 
| 102|0x0000000711400000, 0x0000000711600000, 0x0000000711600000|100%| O|  |TAMS 0x0000000711400000| PB 0x0000000711400000| Untracked 
| 103|0x0000000711600000, 0x0000000711800000, 0x0000000711800000|100%| O|  |TAMS 0x0000000711600000| PB 0x0000000711600000| Untracked 
| 104|0x0000000711800000, 0x0000000711a00000, 0x0000000711a00000|100%|HS|  |TAMS 0x0000000711800000| PB 0x0000000711800000| Complete 
| 105|0x0000000711a00000, 0x0000000711c00000, 0x0000000711c00000|100%|HC|  |TAMS 0x0000000711a00000| PB 0x0000000711a00000| Complete 
| 106|0x0000000711c00000, 0x0000000711e00000, 0x0000000711e00000|100%|HC|  |TAMS 0x0000000711c00000| PB 0x0000000711c00000| Complete 
| 107|0x0000000711e00000, 0x0000000712000000, 0x0000000712000000|100%|HC|  |TAMS 0x0000000711e00000| PB 0x0000000711e00000| Complete 
| 108|0x0000000712000000, 0x0000000712200000, 0x0000000712200000|100%|HC|  |TAMS 0x0000000712000000| PB 0x0000000712000000| Complete 
| 109|0x0000000712200000, 0x0000000712400000, 0x0000000712400000|100%|HC|  |TAMS 0x0000000712200000| PB 0x0000000712200000| Complete 
| 110|0x0000000712400000, 0x0000000712600000, 0x0000000712600000|100%|HC|  |TAMS 0x0000000712400000| PB 0x0000000712400000| Complete 
| 111|0x0000000712600000, 0x0000000712800000, 0x0000000712800000|100%|HC|  |TAMS 0x0000000712600000| PB 0x0000000712600000| Complete 
| 112|0x0000000712800000, 0x0000000712800000, 0x0000000712a00000|  0%| F|  |TAMS 0x0000000712800000| PB 0x0000000712800000| Untracked 
| 113|0x0000000712a00000, 0x0000000712a00000, 0x0000000712c00000|  0%| F|  |TAMS 0x0000000712a00000| PB 0x0000000712a00000| Untracked 
| 114|0x0000000712c00000, 0x0000000712c00000, 0x0000000712e00000|  0%| F|  |TAMS 0x0000000712c00000| PB 0x0000000712c00000| Untracked 
| 115|0x0000000712e00000, 0x0000000713000000, 0x0000000713000000|100%| O|  |TAMS 0x0000000712e00000| PB 0x0000000712e00000| Untracked 
| 116|0x0000000713000000, 0x0000000713200000, 0x0000000713200000|100%| O|  |TAMS 0x0000000713000000| PB 0x0000000713000000| Untracked 
| 117|0x0000000713200000, 0x0000000713400000, 0x0000000713400000|100%| O|  |TAMS 0x0000000713200000| PB 0x0000000713200000| Untracked 
| 118|0x0000000713400000, 0x0000000713600000, 0x0000000713600000|100%| O|  |TAMS 0x0000000713400000| PB 0x0000000713400000| Untracked 
| 119|0x0000000713600000, 0x0000000713800000, 0x0000000713800000|100%| O|  |TAMS 0x0000000713600000| PB 0x0000000713600000| Untracked 
| 120|0x0000000713800000, 0x0000000713800000, 0x0000000713a00000|  0%| F|  |TAMS 0x0000000713800000| PB 0x0000000713800000| Untracked 
| 121|0x0000000713a00000, 0x0000000713a00000, 0x0000000713c00000|  0%| F|  |TAMS 0x0000000713a00000| PB 0x0000000713a00000| Untracked 
| 122|0x0000000713c00000, 0x0000000713c00000, 0x0000000713e00000|  0%| F|  |TAMS 0x0000000713c00000| PB 0x0000000713c00000| Untracked 
| 123|0x0000000713e00000, 0x0000000713e00000, 0x0000000714000000|  0%| F|  |TAMS 0x0000000713e00000| PB 0x0000000713e00000| Untracked 
| 124|0x0000000714000000, 0x0000000714000000, 0x0000000714200000|  0%| F|  |TAMS 0x0000000714000000| PB 0x0000000714000000| Untracked 
| 125|0x0000000714200000, 0x0000000714200000, 0x0000000714400000|  0%| F|  |TAMS 0x0000000714200000| PB 0x0000000714200000| Untracked 
| 126|0x0000000714400000, 0x0000000714400000, 0x0000000714600000|  0%| F|  |TAMS 0x0000000714400000| PB 0x0000000714400000| Untracked 
| 127|0x0000000714600000, 0x0000000714600000, 0x0000000714800000|  0%| F|  |TAMS 0x0000000714600000| PB 0x0000000714600000| Untracked 
| 128|0x0000000714800000, 0x0000000714800000, 0x0000000714a00000|  0%| F|  |TAMS 0x0000000714800000| PB 0x0000000714800000| Untracked 
| 129|0x0000000714a00000, 0x0000000714c00000, 0x0000000714c00000|100%| O|  |TAMS 0x0000000714a00000| PB 0x0000000714a00000| Untracked 
| 130|0x0000000714c00000, 0x0000000714e00000, 0x0000000714e00000|100%| O|  |TAMS 0x0000000714c00000| PB 0x0000000714c00000| Untracked 
| 131|0x0000000714e00000, 0x0000000715000000, 0x0000000715000000|100%| O|  |TAMS 0x0000000714e00000| PB 0x0000000714e00000| Untracked 
| 132|0x0000000715000000, 0x0000000715200000, 0x0000000715200000|100%| O|  |TAMS 0x0000000715000000| PB 0x0000000715000000| Untracked 
| 133|0x0000000715200000, 0x0000000715200000, 0x0000000715400000|  0%| F|  |TAMS 0x0000000715200000| PB 0x0000000715200000| Untracked 
| 134|0x0000000715400000, 0x0000000715400000, 0x0000000715600000|  0%| F|  |TAMS 0x0000000715400000| PB 0x0000000715400000| Untracked 
| 135|0x0000000715600000, 0x0000000715600000, 0x0000000715800000|  0%| F|  |TAMS 0x0000000715600000| PB 0x0000000715600000| Untracked 
| 136|0x0000000715800000, 0x0000000715800000, 0x0000000715a00000|  0%| F|  |TAMS 0x0000000715800000| PB 0x0000000715800000| Untracked 
| 137|0x0000000715a00000, 0x0000000715a00000, 0x0000000715c00000|  0%| F|  |TAMS 0x0000000715a00000| PB 0x0000000715a00000| Untracked 
| 138|0x0000000715c00000, 0x0000000715c00000, 0x0000000715e00000|  0%| F|  |TAMS 0x0000000715c00000| PB 0x0000000715c00000| Untracked 
| 139|0x0000000715e00000, 0x0000000715e00000, 0x0000000716000000|  0%| F|  |TAMS 0x0000000715e00000| PB 0x0000000715e00000| Untracked 
| 140|0x0000000716000000, 0x0000000716000000, 0x0000000716200000|  0%| F|  |TAMS 0x0000000716000000| PB 0x0000000716000000| Untracked 
| 141|0x0000000716200000, 0x0000000716200000, 0x0000000716400000|  0%| F|  |TAMS 0x0000000716200000| PB 0x0000000716200000| Untracked 
| 142|0x0000000716400000, 0x0000000716400000, 0x0000000716600000|  0%| F|  |TAMS 0x0000000716400000| PB 0x0000000716400000| Untracked 
| 143|0x0000000716600000, 0x0000000716600000, 0x0000000716800000|  0%| F|  |TAMS 0x0000000716600000| PB 0x0000000716600000| Untracked 
| 144|0x0000000716800000, 0x0000000716800000, 0x0000000716a00000|  0%| F|  |TAMS 0x0000000716800000| PB 0x0000000716800000| Untracked 
| 145|0x0000000716a00000, 0x0000000716af97e0, 0x0000000716c00000| 48%| S|CS|TAMS 0x0000000716a00000| PB 0x0000000716a00000| Complete 
| 146|0x0000000716c00000, 0x0000000716e00000, 0x0000000716e00000|100%| S|CS|TAMS 0x0000000716c00000| PB 0x0000000716c00000| Complete 
| 147|0x0000000716e00000, 0x0000000716e00000, 0x0000000717000000|  0%| F|  |TAMS 0x0000000716e00000| PB 0x0000000716e00000| Untracked 
| 148|0x0000000717000000, 0x0000000717200000, 0x0000000717200000|100%| S|CS|TAMS 0x0000000717000000| PB 0x0000000717000000| Complete 
| 149|0x0000000717200000, 0x0000000717200000, 0x0000000717400000|  0%| F|  |TAMS 0x0000000717200000| PB 0x0000000717200000| Untracked 
| 150|0x0000000717400000, 0x0000000717600000, 0x0000000717600000|100%| S|CS|TAMS 0x0000000717400000| PB 0x0000000717400000| Complete 
| 151|0x0000000717600000, 0x0000000717600000, 0x0000000717800000|  0%| F|  |TAMS 0x0000000717600000| PB 0x0000000717600000| Untracked 
| 152|0x0000000717800000, 0x0000000717a00000, 0x0000000717a00000|100%| S|CS|TAMS 0x0000000717800000| PB 0x0000000717800000| Complete 
| 153|0x0000000717a00000, 0x0000000717a00000, 0x0000000717c00000|  0%| F|  |TAMS 0x0000000717a00000| PB 0x0000000717a00000| Untracked 
| 154|0x0000000717c00000, 0x0000000717e00000, 0x0000000717e00000|100%| S|CS|TAMS 0x0000000717c00000| PB 0x0000000717c00000| Complete 
| 155|0x0000000717e00000, 0x0000000717e00000, 0x0000000718000000|  0%| F|  |TAMS 0x0000000717e00000| PB 0x0000000717e00000| Untracked 
| 156|0x0000000718000000, 0x0000000718000000, 0x0000000718200000|  0%| F|  |TAMS 0x0000000718000000| PB 0x0000000718000000| Untracked 
| 157|0x0000000718200000, 0x0000000718200000, 0x0000000718400000|  0%| F|  |TAMS 0x0000000718200000| PB 0x0000000718200000| Untracked 
| 158|0x0000000718400000, 0x0000000718400000, 0x0000000718600000|  0%| F|  |TAMS 0x0000000718400000| PB 0x0000000718400000| Untracked 
| 159|0x0000000718600000, 0x0000000718600000, 0x0000000718800000|  0%| F|  |TAMS 0x0000000718600000| PB 0x0000000718600000| Untracked 
| 160|0x0000000718800000, 0x0000000718800000, 0x0000000718a00000|  0%| F|  |TAMS 0x0000000718800000| PB 0x0000000718800000| Untracked 
| 161|0x0000000718a00000, 0x0000000718a00000, 0x0000000718c00000|  0%| F|  |TAMS 0x0000000718a00000| PB 0x0000000718a00000| Untracked 
| 162|0x0000000718c00000, 0x0000000718c00000, 0x0000000718e00000|  0%| F|  |TAMS 0x0000000718c00000| PB 0x0000000718c00000| Untracked 
| 163|0x0000000718e00000, 0x0000000718e00000, 0x0000000719000000|  0%| F|  |TAMS 0x0000000718e00000| PB 0x0000000718e00000| Untracked 
| 164|0x0000000719000000, 0x0000000719000000, 0x0000000719200000|  0%| F|  |TAMS 0x0000000719000000| PB 0x0000000719000000| Untracked 
| 165|0x0000000719200000, 0x0000000719200000, 0x0000000719400000|  0%| F|  |TAMS 0x0000000719200000| PB 0x0000000719200000| Untracked 
| 166|0x0000000719400000, 0x0000000719400000, 0x0000000719600000|  0%| F|  |TAMS 0x0000000719400000| PB 0x0000000719400000| Untracked 
| 167|0x0000000719600000, 0x0000000719600000, 0x0000000719800000|  0%| F|  |TAMS 0x0000000719600000| PB 0x0000000719600000| Untracked 
| 168|0x0000000719800000, 0x0000000719800000, 0x0000000719a00000|  0%| F|  |TAMS 0x0000000719800000| PB 0x0000000719800000| Untracked 
| 169|0x0000000719a00000, 0x0000000719a00000, 0x0000000719c00000|  0%| F|  |TAMS 0x0000000719a00000| PB 0x0000000719a00000| Untracked 
| 170|0x0000000719c00000, 0x0000000719c00000, 0x0000000719e00000|  0%| F|  |TAMS 0x0000000719c00000| PB 0x0000000719c00000| Untracked 
| 171|0x0000000719e00000, 0x0000000719e00000, 0x000000071a000000|  0%| F|  |TAMS 0x0000000719e00000| PB 0x0000000719e00000| Untracked 
| 172|0x000000071a000000, 0x000000071a000000, 0x000000071a200000|  0%| F|  |TAMS 0x000000071a000000| PB 0x000000071a000000| Untracked 
| 173|0x000000071a200000, 0x000000071a200000, 0x000000071a400000|  0%| F|  |TAMS 0x000000071a200000| PB 0x000000071a200000| Untracked 
| 174|0x000000071a400000, 0x000000071a400000, 0x000000071a600000|  0%| F|  |TAMS 0x000000071a400000| PB 0x000000071a400000| Untracked 
| 175|0x000000071a600000, 0x000000071a600000, 0x000000071a800000|  0%| F|  |TAMS 0x000000071a600000| PB 0x000000071a600000| Untracked 
| 176|0x000000071a800000, 0x000000071a800000, 0x000000071aa00000|  0%| F|  |TAMS 0x000000071a800000| PB 0x000000071a800000| Untracked 
| 177|0x000000071aa00000, 0x000000071aa00000, 0x000000071ac00000|  0%| F|  |TAMS 0x000000071aa00000| PB 0x000000071aa00000| Untracked 
| 178|0x000000071ac00000, 0x000000071ac00000, 0x000000071ae00000|  0%| F|  |TAMS 0x000000071ac00000| PB 0x000000071ac00000| Untracked 
| 179|0x000000071ae00000, 0x000000071ae00000, 0x000000071b000000|  0%| F|  |TAMS 0x000000071ae00000| PB 0x000000071ae00000| Untracked 
| 180|0x000000071b000000, 0x000000071b000000, 0x000000071b200000|  0%| F|  |TAMS 0x000000071b000000| PB 0x000000071b000000| Untracked 
| 181|0x000000071b200000, 0x000000071b200000, 0x000000071b400000|  0%| F|  |TAMS 0x000000071b200000| PB 0x000000071b200000| Untracked 
| 182|0x000000071b400000, 0x000000071b400000, 0x000000071b600000|  0%| F|  |TAMS 0x000000071b400000| PB 0x000000071b400000| Untracked 
| 183|0x000000071b600000, 0x000000071b600000, 0x000000071b800000|  0%| F|  |TAMS 0x000000071b600000| PB 0x000000071b600000| Untracked 
| 184|0x000000071b800000, 0x000000071b800000, 0x000000071ba00000|  0%| F|  |TAMS 0x000000071b800000| PB 0x000000071b800000| Untracked 
| 185|0x000000071ba00000, 0x000000071ba00000, 0x000000071bc00000|  0%| F|  |TAMS 0x000000071ba00000| PB 0x000000071ba00000| Untracked 
| 186|0x000000071bc00000, 0x000000071bc00000, 0x000000071be00000|  0%| F|  |TAMS 0x000000071bc00000| PB 0x000000071bc00000| Untracked 
| 187|0x000000071be00000, 0x000000071be00000, 0x000000071c000000|  0%| F|  |TAMS 0x000000071be00000| PB 0x000000071be00000| Untracked 
| 188|0x000000071c000000, 0x000000071c000000, 0x000000071c200000|  0%| F|  |TAMS 0x000000071c000000| PB 0x000000071c000000| Untracked 
| 189|0x000000071c200000, 0x000000071c200000, 0x000000071c400000|  0%| F|  |TAMS 0x000000071c200000| PB 0x000000071c200000| Untracked 
| 190|0x000000071c400000, 0x000000071c400000, 0x000000071c600000|  0%| F|  |TAMS 0x000000071c400000| PB 0x000000071c400000| Untracked 
| 191|0x000000071c600000, 0x000000071c600000, 0x000000071c800000|  0%| F|  |TAMS 0x000000071c600000| PB 0x000000071c600000| Untracked 
| 192|0x000000071c800000, 0x000000071c800000, 0x000000071ca00000|  0%| F|  |TAMS 0x000000071c800000| PB 0x000000071c800000| Untracked 
| 193|0x000000071ca00000, 0x000000071ca00000, 0x000000071cc00000|  0%| F|  |TAMS 0x000000071ca00000| PB 0x000000071ca00000| Untracked 
| 194|0x000000071cc00000, 0x000000071cc00000, 0x000000071ce00000|  0%| F|  |TAMS 0x000000071cc00000| PB 0x000000071cc00000| Untracked 
| 195|0x000000071ce00000, 0x000000071ce00000, 0x000000071d000000|  0%| F|  |TAMS 0x000000071ce00000| PB 0x000000071ce00000| Untracked 
| 196|0x000000071d000000, 0x000000071d000000, 0x000000071d200000|  0%| F|  |TAMS 0x000000071d000000| PB 0x000000071d000000| Untracked 
| 197|0x000000071d200000, 0x000000071d200000, 0x000000071d400000|  0%| F|  |TAMS 0x000000071d200000| PB 0x000000071d200000| Untracked 
| 198|0x000000071d400000, 0x000000071d400000, 0x000000071d600000|  0%| F|  |TAMS 0x000000071d400000| PB 0x000000071d400000| Untracked 
| 199|0x000000071d600000, 0x000000071d600000, 0x000000071d800000|  0%| F|  |TAMS 0x000000071d600000| PB 0x000000071d600000| Untracked 
| 200|0x000000071d800000, 0x000000071d800000, 0x000000071da00000|  0%| F|  |TAMS 0x000000071d800000| PB 0x000000071d800000| Untracked 
| 201|0x000000071da00000, 0x000000071da00000, 0x000000071dc00000|  0%| F|  |TAMS 0x000000071da00000| PB 0x000000071da00000| Untracked 
| 202|0x000000071dc00000, 0x000000071dc00000, 0x000000071de00000|  0%| F|  |TAMS 0x000000071dc00000| PB 0x000000071dc00000| Untracked 
| 203|0x000000071de00000, 0x000000071de00000, 0x000000071e000000|  0%| F|  |TAMS 0x000000071de00000| PB 0x000000071de00000| Untracked 
| 204|0x000000071e000000, 0x000000071e000000, 0x000000071e200000|  0%| F|  |TAMS 0x000000071e000000| PB 0x000000071e000000| Untracked 
| 205|0x000000071e200000, 0x000000071e200000, 0x000000071e400000|  0%| F|  |TAMS 0x000000071e200000| PB 0x000000071e200000| Untracked 
| 206|0x000000071e400000, 0x000000071e400000, 0x000000071e600000|  0%| F|  |TAMS 0x000000071e400000| PB 0x000000071e400000| Untracked 
| 207|0x000000071e600000, 0x000000071e600000, 0x000000071e800000|  0%| F|  |TAMS 0x000000071e600000| PB 0x000000071e600000| Untracked 
| 208|0x000000071e800000, 0x000000071e800000, 0x000000071ea00000|  0%| F|  |TAMS 0x000000071e800000| PB 0x000000071e800000| Untracked 
| 209|0x000000071ea00000, 0x000000071ea00000, 0x000000071ec00000|  0%| F|  |TAMS 0x000000071ea00000| PB 0x000000071ea00000| Untracked 
| 210|0x000000071ec00000, 0x000000071ec00000, 0x000000071ee00000|  0%| F|  |TAMS 0x000000071ec00000| PB 0x000000071ec00000| Untracked 
| 211|0x000000071ee00000, 0x000000071ee00000, 0x000000071f000000|  0%| F|  |TAMS 0x000000071ee00000| PB 0x000000071ee00000| Untracked 
| 212|0x000000071f000000, 0x000000071f000000, 0x000000071f200000|  0%| F|  |TAMS 0x000000071f000000| PB 0x000000071f000000| Untracked 
| 213|0x000000071f200000, 0x000000071f200000, 0x000000071f400000|  0%| F|  |TAMS 0x000000071f200000| PB 0x000000071f200000| Untracked 
| 214|0x000000071f400000, 0x000000071f400000, 0x000000071f600000|  0%| F|  |TAMS 0x000000071f400000| PB 0x000000071f400000| Untracked 
| 215|0x000000071f600000, 0x000000071f600000, 0x000000071f800000|  0%| F|  |TAMS 0x000000071f600000| PB 0x000000071f600000| Untracked 
| 216|0x000000071f800000, 0x000000071f800000, 0x000000071fa00000|  0%| F|  |TAMS 0x000000071f800000| PB 0x000000071f800000| Untracked 
| 217|0x000000071fa00000, 0x000000071fa00000, 0x000000071fc00000|  0%| F|  |TAMS 0x000000071fa00000| PB 0x000000071fa00000| Untracked 
| 218|0x000000071fc00000, 0x000000071fc00000, 0x000000071fe00000|  0%| F|  |TAMS 0x000000071fc00000| PB 0x000000071fc00000| Untracked 
| 219|0x000000071fe00000, 0x000000071fe00000, 0x0000000720000000|  0%| F|  |TAMS 0x000000071fe00000| PB 0x000000071fe00000| Untracked 
| 220|0x0000000720000000, 0x0000000720000000, 0x0000000720200000|  0%| F|  |TAMS 0x0000000720000000| PB 0x0000000720000000| Untracked 
| 221|0x0000000720200000, 0x0000000720200000, 0x0000000720400000|  0%| F|  |TAMS 0x0000000720200000| PB 0x0000000720200000| Untracked 
| 222|0x0000000720400000, 0x0000000720400000, 0x0000000720600000|  0%| F|  |TAMS 0x0000000720400000| PB 0x0000000720400000| Untracked 
| 223|0x0000000720600000, 0x0000000720600000, 0x0000000720800000|  0%| F|  |TAMS 0x0000000720600000| PB 0x0000000720600000| Untracked 
| 224|0x0000000720800000, 0x0000000720800000, 0x0000000720a00000|  0%| F|  |TAMS 0x0000000720800000| PB 0x0000000720800000| Untracked 
| 225|0x0000000720a00000, 0x0000000720a00000, 0x0000000720c00000|  0%| F|  |TAMS 0x0000000720a00000| PB 0x0000000720a00000| Untracked 
| 226|0x0000000720c00000, 0x0000000720c00000, 0x0000000720e00000|  0%| F|  |TAMS 0x0000000720c00000| PB 0x0000000720c00000| Untracked 
| 227|0x0000000720e00000, 0x0000000720e00000, 0x0000000721000000|  0%| F|  |TAMS 0x0000000720e00000| PB 0x0000000720e00000| Untracked 
| 228|0x0000000721000000, 0x0000000721000000, 0x0000000721200000|  0%| F|  |TAMS 0x0000000721000000| PB 0x0000000721000000| Untracked 
| 229|0x0000000721200000, 0x0000000721200000, 0x0000000721400000|  0%| F|  |TAMS 0x0000000721200000| PB 0x0000000721200000| Untracked 
| 230|0x0000000721400000, 0x0000000721400000, 0x0000000721600000|  0%| F|  |TAMS 0x0000000721400000| PB 0x0000000721400000| Untracked 
| 231|0x0000000721600000, 0x0000000721600000, 0x0000000721800000|  0%| F|  |TAMS 0x0000000721600000| PB 0x0000000721600000| Untracked 
| 232|0x0000000721800000, 0x0000000721800000, 0x0000000721a00000|  0%| F|  |TAMS 0x0000000721800000| PB 0x0000000721800000| Untracked 
| 233|0x0000000721a00000, 0x0000000721a00000, 0x0000000721c00000|  0%| F|  |TAMS 0x0000000721a00000| PB 0x0000000721a00000| Untracked 
| 234|0x0000000721c00000, 0x0000000721c00000, 0x0000000721e00000|  0%| F|  |TAMS 0x0000000721c00000| PB 0x0000000721c00000| Untracked 
| 235|0x0000000721e00000, 0x0000000721e00000, 0x0000000722000000|  0%| F|  |TAMS 0x0000000721e00000| PB 0x0000000721e00000| Untracked 
| 236|0x0000000722000000, 0x0000000722000000, 0x0000000722200000|  0%| F|  |TAMS 0x0000000722000000| PB 0x0000000722000000| Untracked 
| 237|0x0000000722200000, 0x0000000722200000, 0x0000000722400000|  0%| F|  |TAMS 0x0000000722200000| PB 0x0000000722200000| Untracked 
| 238|0x0000000722400000, 0x0000000722400000, 0x0000000722600000|  0%| F|  |TAMS 0x0000000722400000| PB 0x0000000722400000| Untracked 
| 239|0x0000000722600000, 0x0000000722600000, 0x0000000722800000|  0%| F|  |TAMS 0x0000000722600000| PB 0x0000000722600000| Untracked 
| 240|0x0000000722800000, 0x0000000722800000, 0x0000000722a00000|  0%| F|  |TAMS 0x0000000722800000| PB 0x0000000722800000| Untracked 
| 241|0x0000000722a00000, 0x0000000722a00000, 0x0000000722c00000|  0%| F|  |TAMS 0x0000000722a00000| PB 0x0000000722a00000| Untracked 
| 242|0x0000000722c00000, 0x0000000722c00000, 0x0000000722e00000|  0%| F|  |TAMS 0x0000000722c00000| PB 0x0000000722c00000| Untracked 
| 243|0x0000000722e00000, 0x0000000722e00000, 0x0000000723000000|  0%| F|  |TAMS 0x0000000722e00000| PB 0x0000000722e00000| Untracked 
| 244|0x0000000723000000, 0x0000000723000000, 0x0000000723200000|  0%| F|  |TAMS 0x0000000723000000| PB 0x0000000723000000| Untracked 
| 245|0x0000000723200000, 0x0000000723200000, 0x0000000723400000|  0%| F|  |TAMS 0x0000000723200000| PB 0x0000000723200000| Untracked 
| 246|0x0000000723400000, 0x0000000723400000, 0x0000000723600000|  0%| F|  |TAMS 0x0000000723400000| PB 0x0000000723400000| Untracked 
| 247|0x0000000723600000, 0x0000000723600000, 0x0000000723800000|  0%| F|  |TAMS 0x0000000723600000| PB 0x0000000723600000| Untracked 
| 248|0x0000000723800000, 0x0000000723800000, 0x0000000723a00000|  0%| F|  |TAMS 0x0000000723800000| PB 0x0000000723800000| Untracked 
| 249|0x0000000723a00000, 0x0000000723a00000, 0x0000000723c00000|  0%| F|  |TAMS 0x0000000723a00000| PB 0x0000000723a00000| Untracked 
| 250|0x0000000723c00000, 0x0000000723c00000, 0x0000000723e00000|  0%| F|  |TAMS 0x0000000723c00000| PB 0x0000000723c00000| Untracked 
| 251|0x0000000723e00000, 0x0000000723e00000, 0x0000000724000000|  0%| F|  |TAMS 0x0000000723e00000| PB 0x0000000723e00000| Untracked 
| 252|0x0000000724000000, 0x0000000724000000, 0x0000000724200000|  0%| F|  |TAMS 0x0000000724000000| PB 0x0000000724000000| Untracked 
| 253|0x0000000724200000, 0x0000000724200000, 0x0000000724400000|  0%| F|  |TAMS 0x0000000724200000| PB 0x0000000724200000| Untracked 
| 254|0x0000000724400000, 0x0000000724400000, 0x0000000724600000|  0%| F|  |TAMS 0x0000000724400000| PB 0x0000000724400000| Untracked 
| 255|0x0000000724600000, 0x0000000724600000, 0x0000000724800000|  0%| F|  |TAMS 0x0000000724600000| PB 0x0000000724600000| Untracked 
| 256|0x0000000724800000, 0x0000000724800000, 0x0000000724a00000|  0%| F|  |TAMS 0x0000000724800000| PB 0x0000000724800000| Untracked 
| 257|0x0000000724a00000, 0x0000000724a00000, 0x0000000724c00000|  0%| F|  |TAMS 0x0000000724a00000| PB 0x0000000724a00000| Untracked 
| 258|0x0000000724c00000, 0x0000000724c00000, 0x0000000724e00000|  0%| F|  |TAMS 0x0000000724c00000| PB 0x0000000724c00000| Untracked 
| 259|0x0000000724e00000, 0x0000000724e00000, 0x0000000725000000|  0%| F|  |TAMS 0x0000000724e00000| PB 0x0000000724e00000| Untracked 
| 260|0x0000000725000000, 0x0000000725000000, 0x0000000725200000|  0%| F|  |TAMS 0x0000000725000000| PB 0x0000000725000000| Untracked 
| 261|0x0000000725200000, 0x0000000725200000, 0x0000000725400000|  0%| F|  |TAMS 0x0000000725200000| PB 0x0000000725200000| Untracked 
| 262|0x0000000725400000, 0x0000000725400000, 0x0000000725600000|  0%| F|  |TAMS 0x0000000725400000| PB 0x0000000725400000| Untracked 
| 263|0x0000000725600000, 0x0000000725600000, 0x0000000725800000|  0%| F|  |TAMS 0x0000000725600000| PB 0x0000000725600000| Untracked 
| 264|0x0000000725800000, 0x0000000725800000, 0x0000000725a00000|  0%| F|  |TAMS 0x0000000725800000| PB 0x0000000725800000| Untracked 
| 265|0x0000000725a00000, 0x0000000725a00000, 0x0000000725c00000|  0%| F|  |TAMS 0x0000000725a00000| PB 0x0000000725a00000| Untracked 
| 266|0x0000000725c00000, 0x0000000725c00000, 0x0000000725e00000|  0%| F|  |TAMS 0x0000000725c00000| PB 0x0000000725c00000| Untracked 
| 267|0x0000000725e00000, 0x0000000725e00000, 0x0000000726000000|  0%| F|  |TAMS 0x0000000725e00000| PB 0x0000000725e00000| Untracked 
| 268|0x0000000726000000, 0x0000000726000000, 0x0000000726200000|  0%| F|  |TAMS 0x0000000726000000| PB 0x0000000726000000| Untracked 
| 269|0x0000000726200000, 0x0000000726200000, 0x0000000726400000|  0%| F|  |TAMS 0x0000000726200000| PB 0x0000000726200000| Untracked 
| 270|0x0000000726400000, 0x0000000726400000, 0x0000000726600000|  0%| F|  |TAMS 0x0000000726400000| PB 0x0000000726400000| Untracked 
| 271|0x0000000726600000, 0x0000000726600000, 0x0000000726800000|  0%| F|  |TAMS 0x0000000726600000| PB 0x0000000726600000| Untracked 
| 272|0x0000000726800000, 0x0000000726800000, 0x0000000726a00000|  0%| F|  |TAMS 0x0000000726800000| PB 0x0000000726800000| Untracked 
| 273|0x0000000726a00000, 0x0000000726a00000, 0x0000000726c00000|  0%| F|  |TAMS 0x0000000726a00000| PB 0x0000000726a00000| Untracked 
| 274|0x0000000726c00000, 0x0000000726c00000, 0x0000000726e00000|  0%| F|  |TAMS 0x0000000726c00000| PB 0x0000000726c00000| Untracked 
| 275|0x0000000726e00000, 0x0000000726e00000, 0x0000000727000000|  0%| F|  |TAMS 0x0000000726e00000| PB 0x0000000726e00000| Untracked 
| 276|0x0000000727000000, 0x0000000727000000, 0x0000000727200000|  0%| F|  |TAMS 0x0000000727000000| PB 0x0000000727000000| Untracked 
| 277|0x0000000727200000, 0x0000000727300000, 0x0000000727400000| 50%| E|  |TAMS 0x0000000727200000| PB 0x0000000727200000| Complete 
| 278|0x0000000727400000, 0x0000000727600000, 0x0000000727600000|100%| E|CS|TAMS 0x0000000727400000| PB 0x0000000727400000| Complete 
| 279|0x0000000727600000, 0x0000000727800000, 0x0000000727800000|100%| E|CS|TAMS 0x0000000727600000| PB 0x0000000727600000| Complete 
| 280|0x0000000727800000, 0x0000000727a00000, 0x0000000727a00000|100%| E|CS|TAMS 0x0000000727800000| PB 0x0000000727800000| Complete 
| 281|0x0000000727a00000, 0x0000000727c00000, 0x0000000727c00000|100%| E|CS|TAMS 0x0000000727a00000| PB 0x0000000727a00000| Complete 
| 282|0x0000000727c00000, 0x0000000727e00000, 0x0000000727e00000|100%| E|CS|TAMS 0x0000000727c00000| PB 0x0000000727c00000| Complete 
| 283|0x0000000727e00000, 0x0000000728000000, 0x0000000728000000|100%| E|CS|TAMS 0x0000000727e00000| PB 0x0000000727e00000| Complete 
| 284|0x0000000728000000, 0x0000000728200000, 0x0000000728200000|100%| E|CS|TAMS 0x0000000728000000| PB 0x0000000728000000| Complete 
| 285|0x0000000728200000, 0x0000000728400000, 0x0000000728400000|100%| E|CS|TAMS 0x0000000728200000| PB 0x0000000728200000| Complete 
| 286|0x0000000728400000, 0x0000000728600000, 0x0000000728600000|100%| E|CS|TAMS 0x0000000728400000| PB 0x0000000728400000| Complete 
| 287|0x0000000728600000, 0x0000000728800000, 0x0000000728800000|100%| E|CS|TAMS 0x0000000728600000| PB 0x0000000728600000| Complete 
| 288|0x0000000728800000, 0x0000000728a00000, 0x0000000728a00000|100%| E|CS|TAMS 0x0000000728800000| PB 0x0000000728800000| Complete 
| 289|0x0000000728a00000, 0x0000000728c00000, 0x0000000728c00000|100%| E|CS|TAMS 0x0000000728a00000| PB 0x0000000728a00000| Complete 
| 290|0x0000000728c00000, 0x0000000728e00000, 0x0000000728e00000|100%| E|CS|TAMS 0x0000000728c00000| PB 0x0000000728c00000| Complete 
| 291|0x0000000728e00000, 0x0000000729000000, 0x0000000729000000|100%| E|CS|TAMS 0x0000000728e00000| PB 0x0000000728e00000| Complete 
| 292|0x0000000729000000, 0x0000000729200000, 0x0000000729200000|100%| E|CS|TAMS 0x0000000729000000| PB 0x0000000729000000| Complete 
| 293|0x0000000729200000, 0x0000000729400000, 0x0000000729400000|100%| E|CS|TAMS 0x0000000729200000| PB 0x0000000729200000| Complete 
| 294|0x0000000729400000, 0x0000000729600000, 0x0000000729600000|100%| E|CS|TAMS 0x0000000729400000| PB 0x0000000729400000| Complete 
| 295|0x0000000729600000, 0x0000000729800000, 0x0000000729800000|100%| E|CS|TAMS 0x0000000729600000| PB 0x0000000729600000| Complete 
| 296|0x0000000729800000, 0x0000000729a00000, 0x0000000729a00000|100%| E|CS|TAMS 0x0000000729800000| PB 0x0000000729800000| Complete 
| 297|0x0000000729a00000, 0x0000000729c00000, 0x0000000729c00000|100%| E|CS|TAMS 0x0000000729a00000| PB 0x0000000729a00000| Complete 
| 298|0x0000000729c00000, 0x0000000729e00000, 0x0000000729e00000|100%| E|CS|TAMS 0x0000000729c00000| PB 0x0000000729c00000| Complete 
| 299|0x0000000729e00000, 0x000000072a000000, 0x000000072a000000|100%| E|CS|TAMS 0x0000000729e00000| PB 0x0000000729e00000| Complete 
| 300|0x000000072a000000, 0x000000072a200000, 0x000000072a200000|100%| E|CS|TAMS 0x000000072a000000| PB 0x000000072a000000| Complete 
| 301|0x000000072a200000, 0x000000072a400000, 0x000000072a400000|100%| E|CS|TAMS 0x000000072a200000| PB 0x000000072a200000| Complete 
| 302|0x000000072a400000, 0x000000072a600000, 0x000000072a600000|100%| E|CS|TAMS 0x000000072a400000| PB 0x000000072a400000| Complete 
| 303|0x000000072a600000, 0x000000072a800000, 0x000000072a800000|100%| E|CS|TAMS 0x000000072a600000| PB 0x000000072a600000| Complete 
| 304|0x000000072a800000, 0x000000072aa00000, 0x000000072aa00000|100%| E|CS|TAMS 0x000000072a800000| PB 0x000000072a800000| Complete 
| 305|0x000000072aa00000, 0x000000072ac00000, 0x000000072ac00000|100%| E|CS|TAMS 0x000000072aa00000| PB 0x000000072aa00000| Complete 
| 306|0x000000072ac00000, 0x000000072ae00000, 0x000000072ae00000|100%| E|CS|TAMS 0x000000072ac00000| PB 0x000000072ac00000| Complete 
| 307|0x000000072ae00000, 0x000000072b000000, 0x000000072b000000|100%| E|CS|TAMS 0x000000072ae00000| PB 0x000000072ae00000| Complete 
| 308|0x000000072b000000, 0x000000072b200000, 0x000000072b200000|100%| E|CS|TAMS 0x000000072b000000| PB 0x000000072b000000| Complete 
| 309|0x000000072b200000, 0x000000072b400000, 0x000000072b400000|100%| E|CS|TAMS 0x000000072b200000| PB 0x000000072b200000| Complete 
| 310|0x000000072b400000, 0x000000072b600000, 0x000000072b600000|100%| E|CS|TAMS 0x000000072b400000| PB 0x000000072b400000| Complete 
| 311|0x000000072b600000, 0x000000072b800000, 0x000000072b800000|100%| E|CS|TAMS 0x000000072b600000| PB 0x000000072b600000| Complete 
| 312|0x000000072b800000, 0x000000072ba00000, 0x000000072ba00000|100%| E|CS|TAMS 0x000000072b800000| PB 0x000000072b800000| Complete 
| 313|0x000000072ba00000, 0x000000072bc00000, 0x000000072bc00000|100%| E|CS|TAMS 0x000000072ba00000| PB 0x000000072ba00000| Complete 
| 314|0x000000072bc00000, 0x000000072be00000, 0x000000072be00000|100%| E|CS|TAMS 0x000000072bc00000| PB 0x000000072bc00000| Complete 
| 315|0x000000072be00000, 0x000000072c000000, 0x000000072c000000|100%| E|CS|TAMS 0x000000072be00000| PB 0x000000072be00000| Complete 
| 316|0x000000072c000000, 0x000000072c200000, 0x000000072c200000|100%| E|CS|TAMS 0x000000072c000000| PB 0x000000072c000000| Complete 
| 317|0x000000072c200000, 0x000000072c400000, 0x000000072c400000|100%| E|CS|TAMS 0x000000072c200000| PB 0x000000072c200000| Complete 
| 318|0x000000072c400000, 0x000000072c600000, 0x000000072c600000|100%| E|CS|TAMS 0x000000072c400000| PB 0x000000072c400000| Complete 
| 319|0x000000072c600000, 0x000000072c800000, 0x000000072c800000|100%| E|CS|TAMS 0x000000072c600000| PB 0x000000072c600000| Complete 
| 320|0x000000072c800000, 0x000000072ca00000, 0x000000072ca00000|100%| E|CS|TAMS 0x000000072c800000| PB 0x000000072c800000| Complete 
| 321|0x000000072ca00000, 0x000000072cc00000, 0x000000072cc00000|100%| E|CS|TAMS 0x000000072ca00000| PB 0x000000072ca00000| Complete 
| 322|0x000000072cc00000, 0x000000072ce00000, 0x000000072ce00000|100%| E|CS|TAMS 0x000000072cc00000| PB 0x000000072cc00000| Complete 
| 323|0x000000072ce00000, 0x000000072d000000, 0x000000072d000000|100%| E|CS|TAMS 0x000000072ce00000| PB 0x000000072ce00000| Complete 
| 324|0x000000072d000000, 0x000000072d200000, 0x000000072d200000|100%| E|CS|TAMS 0x000000072d000000| PB 0x000000072d000000| Complete 
| 325|0x000000072d200000, 0x000000072d400000, 0x000000072d400000|100%| E|CS|TAMS 0x000000072d200000| PB 0x000000072d200000| Complete 
| 326|0x000000072d400000, 0x000000072d600000, 0x000000072d600000|100%| E|CS|TAMS 0x000000072d400000| PB 0x000000072d400000| Complete 
| 327|0x000000072d600000, 0x000000072d800000, 0x000000072d800000|100%| E|CS|TAMS 0x000000072d600000| PB 0x000000072d600000| Complete 
| 328|0x000000072d800000, 0x000000072da00000, 0x000000072da00000|100%| E|CS|TAMS 0x000000072d800000| PB 0x000000072d800000| Complete 
| 329|0x000000072da00000, 0x000000072dc00000, 0x000000072dc00000|100%| E|CS|TAMS 0x000000072da00000| PB 0x000000072da00000| Complete 
| 330|0x000000072dc00000, 0x000000072de00000, 0x000000072de00000|100%| E|CS|TAMS 0x000000072dc00000| PB 0x000000072dc00000| Complete 
| 331|0x000000072de00000, 0x000000072e000000, 0x000000072e000000|100%| E|CS|TAMS 0x000000072de00000| PB 0x000000072de00000| Complete 
| 332|0x000000072e000000, 0x000000072e200000, 0x000000072e200000|100%| E|CS|TAMS 0x000000072e000000| PB 0x000000072e000000| Complete 
| 333|0x000000072e200000, 0x000000072e400000, 0x000000072e400000|100%| E|CS|TAMS 0x000000072e200000| PB 0x000000072e200000| Complete 
| 334|0x000000072e400000, 0x000000072e600000, 0x000000072e600000|100%| E|CS|TAMS 0x000000072e400000| PB 0x000000072e400000| Complete 
| 335|0x000000072e600000, 0x000000072e800000, 0x000000072e800000|100%| E|CS|TAMS 0x000000072e600000| PB 0x000000072e600000| Complete 
| 336|0x000000072e800000, 0x000000072ea00000, 0x000000072ea00000|100%| E|CS|TAMS 0x000000072e800000| PB 0x000000072e800000| Complete 
| 337|0x000000072ea00000, 0x000000072ec00000, 0x000000072ec00000|100%| E|CS|TAMS 0x000000072ea00000| PB 0x000000072ea00000| Complete 
| 338|0x000000072ec00000, 0x000000072ee00000, 0x000000072ee00000|100%| E|CS|TAMS 0x000000072ec00000| PB 0x000000072ec00000| Complete 
| 339|0x000000072ee00000, 0x000000072f000000, 0x000000072f000000|100%| E|CS|TAMS 0x000000072ee00000| PB 0x000000072ee00000| Complete 
| 340|0x000000072f000000, 0x000000072f200000, 0x000000072f200000|100%| E|CS|TAMS 0x000000072f000000| PB 0x000000072f000000| Complete 
| 341|0x000000072f200000, 0x000000072f400000, 0x000000072f400000|100%| E|CS|TAMS 0x000000072f200000| PB 0x000000072f200000| Complete 
| 342|0x000000072f400000, 0x000000072f600000, 0x000000072f600000|100%| E|CS|TAMS 0x000000072f400000| PB 0x000000072f400000| Complete 
| 343|0x000000072f600000, 0x000000072f800000, 0x000000072f800000|100%| E|CS|TAMS 0x000000072f600000| PB 0x000000072f600000| Complete 
| 344|0x000000072f800000, 0x000000072fa00000, 0x000000072fa00000|100%| E|CS|TAMS 0x000000072f800000| PB 0x000000072f800000| Complete 
| 345|0x000000072fa00000, 0x000000072fc00000, 0x000000072fc00000|100%| E|CS|TAMS 0x000000072fa00000| PB 0x000000072fa00000| Complete 
| 346|0x000000072fc00000, 0x000000072fe00000, 0x000000072fe00000|100%| E|CS|TAMS 0x000000072fc00000| PB 0x000000072fc00000| Complete 
| 347|0x000000072fe00000, 0x0000000730000000, 0x0000000730000000|100%| E|CS|TAMS 0x000000072fe00000| PB 0x000000072fe00000| Complete 
| 348|0x0000000730000000, 0x0000000730200000, 0x0000000730200000|100%| E|CS|TAMS 0x0000000730000000| PB 0x0000000730000000| Complete 
| 349|0x0000000730200000, 0x0000000730400000, 0x0000000730400000|100%| E|CS|TAMS 0x0000000730200000| PB 0x0000000730200000| Complete 
| 350|0x0000000730400000, 0x0000000730600000, 0x0000000730600000|100%| E|CS|TAMS 0x0000000730400000| PB 0x0000000730400000| Complete 
| 351|0x0000000730600000, 0x0000000730800000, 0x0000000730800000|100%| E|CS|TAMS 0x0000000730600000| PB 0x0000000730600000| Complete 
| 352|0x0000000730800000, 0x0000000730a00000, 0x0000000730a00000|100%| E|CS|TAMS 0x0000000730800000| PB 0x0000000730800000| Complete 
| 353|0x0000000730a00000, 0x0000000730c00000, 0x0000000730c00000|100%| E|CS|TAMS 0x0000000730a00000| PB 0x0000000730a00000| Complete 
| 354|0x0000000730c00000, 0x0000000730e00000, 0x0000000730e00000|100%| E|CS|TAMS 0x0000000730c00000| PB 0x0000000730c00000| Complete 
| 355|0x0000000730e00000, 0x0000000731000000, 0x0000000731000000|100%| E|CS|TAMS 0x0000000730e00000| PB 0x0000000730e00000| Complete 
| 356|0x0000000731000000, 0x0000000731200000, 0x0000000731200000|100%| E|CS|TAMS 0x0000000731000000| PB 0x0000000731000000| Complete 
| 357|0x0000000731200000, 0x0000000731400000, 0x0000000731400000|100%| E|CS|TAMS 0x0000000731200000| PB 0x0000000731200000| Complete 
| 358|0x0000000731400000, 0x0000000731600000, 0x0000000731600000|100%| E|CS|TAMS 0x0000000731400000| PB 0x0000000731400000| Complete 
| 359|0x0000000731600000, 0x0000000731800000, 0x0000000731800000|100%| E|CS|TAMS 0x0000000731600000| PB 0x0000000731600000| Complete 
| 360|0x0000000731800000, 0x0000000731a00000, 0x0000000731a00000|100%| E|CS|TAMS 0x0000000731800000| PB 0x0000000731800000| Complete 
| 361|0x0000000731a00000, 0x0000000731c00000, 0x0000000731c00000|100%| E|CS|TAMS 0x0000000731a00000| PB 0x0000000731a00000| Complete 
| 362|0x0000000731c00000, 0x0000000731e00000, 0x0000000731e00000|100%| E|CS|TAMS 0x0000000731c00000| PB 0x0000000731c00000| Complete 
| 363|0x0000000731e00000, 0x0000000732000000, 0x0000000732000000|100%| E|CS|TAMS 0x0000000731e00000| PB 0x0000000731e00000| Complete 
| 364|0x0000000732000000, 0x0000000732200000, 0x0000000732200000|100%| E|CS|TAMS 0x0000000732000000| PB 0x0000000732000000| Complete 
| 365|0x0000000732200000, 0x0000000732400000, 0x0000000732400000|100%| E|CS|TAMS 0x0000000732200000| PB 0x0000000732200000| Complete 
| 366|0x0000000732400000, 0x0000000732600000, 0x0000000732600000|100%| E|CS|TAMS 0x0000000732400000| PB 0x0000000732400000| Complete 
| 367|0x0000000732600000, 0x0000000732800000, 0x0000000732800000|100%| E|CS|TAMS 0x0000000732600000| PB 0x0000000732600000| Complete 
| 368|0x0000000732800000, 0x0000000732a00000, 0x0000000732a00000|100%| E|CS|TAMS 0x0000000732800000| PB 0x0000000732800000| Complete 
| 369|0x0000000732a00000, 0x0000000732c00000, 0x0000000732c00000|100%| E|CS|TAMS 0x0000000732a00000| PB 0x0000000732a00000| Complete 
| 370|0x0000000732c00000, 0x0000000732e00000, 0x0000000732e00000|100%| E|CS|TAMS 0x0000000732c00000| PB 0x0000000732c00000| Complete 
| 376|0x0000000733800000, 0x0000000733a00000, 0x0000000733a00000|100%| E|CS|TAMS 0x0000000733800000| PB 0x0000000733800000| Complete 
| 377|0x0000000733a00000, 0x0000000733c00000, 0x0000000733c00000|100%| E|CS|TAMS 0x0000000733a00000| PB 0x0000000733a00000| Complete 
| 385|0x0000000734a00000, 0x0000000734c00000, 0x0000000734c00000|100%| E|CS|TAMS 0x0000000734a00000| PB 0x0000000734a00000| Complete 
| 386|0x0000000734c00000, 0x0000000734e00000, 0x0000000734e00000|100%| E|CS|TAMS 0x0000000734c00000| PB 0x0000000734c00000| Complete 
|1988|0x00000007fd000000, 0x00000007fd200000, 0x00000007fd200000|100%| O|  |TAMS 0x00000007fd000000| PB 0x00000007fd000000| Untracked 
|1995|0x00000007fde00000, 0x00000007fe000000, 0x00000007fe000000|100%| E|CS|TAMS 0x00000007fde00000| PB 0x00000007fde00000| Complete 
|1996|0x00000007fe000000, 0x00000007fe200000, 0x00000007fe200000|100%| E|CS|TAMS 0x00000007fe000000| PB 0x00000007fe000000| Complete 
|1997|0x00000007fe200000, 0x00000007fe400000, 0x00000007fe400000|100%| E|CS|TAMS 0x00000007fe200000| PB 0x00000007fe200000| Complete 
|2001|0x00000007fea00000, 0x00000007fec00000, 0x00000007fec00000|100%| E|CS|TAMS 0x00000007fea00000| PB 0x00000007fea00000| Complete 
|2002|0x00000007fec00000, 0x00000007fee00000, 0x00000007fee00000|100%| E|CS|TAMS 0x00000007fec00000| PB 0x00000007fec00000| Complete 
|2003|0x00000007fee00000, 0x00000007ff000000, 0x00000007ff000000|100%| E|CS|TAMS 0x00000007fee00000| PB 0x00000007fee00000| Complete 
|2004|0x00000007ff000000, 0x00000007ff200000, 0x00000007ff200000|100%| E|CS|TAMS 0x00000007ff000000| PB 0x00000007ff000000| Complete 
|2005|0x00000007ff200000, 0x00000007ff400000, 0x00000007ff400000|100%| E|CS|TAMS 0x00000007ff200000| PB 0x00000007ff200000| Complete 
|2006|0x00000007ff400000, 0x00000007ff600000, 0x00000007ff600000|100%| E|CS|TAMS 0x00000007ff400000| PB 0x00000007ff400000| Complete 
|2007|0x00000007ff600000, 0x00000007ff800000, 0x00000007ff800000|100%| E|CS|TAMS 0x00000007ff600000| PB 0x00000007ff600000| Complete 
|2008|0x00000007ff800000, 0x00000007ffa00000, 0x00000007ffa00000|100%| O|  |TAMS 0x00000007ff800000| PB 0x00000007ff800000| Untracked 
|2009|0x00000007ffa00000, 0x00000007ffc00000, 0x00000007ffc00000|100%| O|  |TAMS 0x00000007ffa00000| PB 0x00000007ffa00000| Untracked 
|2010|0x00000007ffc00000, 0x00000007ffe00000, 0x00000007ffe00000|100%| O|  |TAMS 0x00000007ffc00000| PB 0x00000007ffc00000| Untracked 
|2011|0x00000007ffe00000, 0x0000000800000000, 0x0000000800000000|100%| O|  |TAMS 0x00000007ffe00000| PB 0x00000007ffe00000| Untracked 

Card table byte_map: [0x000001bfec3a0000,0x000001bfecb80000] _byte_map_base: 0x000001bfe8b7c000

Marking Bits: (CMBitMap*) 0x000001bfd26760f0
 Bits: [0x000001bfecb80000, 0x000001bff0a60000)

Polling page: 0x000001bfd0230000

Metaspace:

Usage:
  Non-class:     92.71 MB used.
      Class:     11.62 MB used.
       Both:    104.33 MB used.

Virtual space:
  Non-class space:      128.00 MB reserved,      93.44 MB ( 73%) committed,  2 nodes.
      Class space:        1.00 GB reserved,      12.25 MB (  1%) committed,  1 nodes.
             Both:        1.12 GB reserved,     105.69 MB (  9%) committed. 

Chunk freelists:
   Non-Class:  2.44 MB
       Class:  3.59 MB
        Both:  6.03 MB

MaxMetaspaceSize: unlimited
CompressedClassSpaceSize: 1.00 GB
Initial GC threshold: 21.00 MB
Current GC threshold: 174.38 MB
CDS: off
 - commit_granule_bytes: 65536.
 - commit_granule_words: 8192.
 - virtual_space_node_default_size: 8388608.
 - enlarge_chunks_in_place: 1.
 - use_allocation_guard: 0.


Internal statistics:

num_allocs_failed_limit: 9.
num_arena_births: 1278.
num_arena_deaths: 8.
num_vsnodes_births: 3.
num_vsnodes_deaths: 0.
num_space_committed: 1691.
num_space_uncommitted: 0.
num_chunks_returned_to_freelist: 35.
num_chunks_taken_from_freelist: 4298.
num_chunk_merges: 4.
num_chunk_splits: 2923.
num_chunks_enlarged: 1954.
num_inconsistent_stats: 0.

CodeHeap 'non-profiled nmethods': size=118848Kb used=12808Kb max_used=12993Kb free=106039Kb
 bounds [0x000001bfe3480000, 0x000001bfe4140000, 0x000001bfea890000]
CodeHeap 'profiled nmethods': size=118848Kb used=15316Kb max_used=27575Kb free=103532Kb
 bounds [0x000001bfdb890000, 0x000001bfdd380000, 0x000001bfe2ca0000]
CodeHeap 'non-nmethods': size=8064Kb used=1998Kb max_used=4374Kb free=6066Kb
 bounds [0x000001bfe2ca0000, 0x000001bfe30f0000, 0x000001bfe3480000]
CodeCache: size=245760Kb, used=30122Kb, max_used=44942Kb, free=215637Kb
 total_blobs=9184, nmethods=8069, adapters=1015, full_count=0
Compilation: enabled, stopped_count=0, restarted_count=0

Compilation events (20 events):
Event: 274.401 Thread 0x000001bff489e950 23654       3       javax.swing.JScrollPane$ScrollBar::setUnitIncrement (18 bytes)
Event: 274.401 Thread 0x000001bff489e950 nmethod 23654 0x000001bfdbb1a810 code [0x000001bfdbb1a9c0, 0x000001bfdbb1ab70]
Event: 274.401 Thread 0x000001bff489e950 23655       3       javax.swing.JScrollBar::setUnitIncrement (19 bytes)
Event: 274.401 Thread 0x000001bff489e950 nmethod 23655 0x000001bfdbb1a310 code [0x000001bfdbb1a4c0, 0x000001bfdbb1a700]
Event: 274.402 Thread 0x000001bff489e950 23656       3       org.apache.logging.log4j.core.util.datetime.FixedDateFormat::formatInstant (54 bytes)
Event: 274.402 Thread 0x000001bff489e950 nmethod 23656 0x000001bfdbb19710 code [0x000001bfdbb19940, 0x000001bfdbb19f60]
Event: 274.402 Thread 0x000001bff48887f0 nmethod 23652 0x000001bfe3970a10 code [0x000001bfe3970ba0, 0x000001bfe3970e50]
Event: 274.402 Thread 0x000001bff48887f0 23653       4       javax.swing.text.DefaultStyledDocument$ElementBuffer::push (24 bytes)
Event: 274.406 Thread 0x000001bff48887f0 nmethod 23653 0x000001bfe396f990 code [0x000001bfe396fb80, 0x000001bfe3970640]
Event: 274.406 Thread 0x000001bff48887f0 23657  s    4       java.awt.Component::addKeyListener (43 bytes)
Event: 274.410 Thread 0x000001bff48887f0 nmethod 23657 0x000001bfe396e790 code [0x000001bfe396e980, 0x000001bfe396f2a8]
Event: 274.410 Thread 0x000001bff48887f0 23659       4       javax.swing.text.html.HTMLEditorKit::getViewFactory (4 bytes)
Event: 274.410 Thread 0x000001bff48887f0 nmethod 23659 0x000001bfe396e490 code [0x000001bfe396e620, 0x000001bfe396e6b0]
Event: 274.411 Thread 0x000001bff489e950 23660       3       javax.swing.ActionMap::get (44 bytes)
Event: 274.411 Thread 0x000001bff489e950 nmethod 23660 0x000001bfdbb18f10 code [0x000001bfdbb19100, 0x000001bfdbb195c0]
Event: 274.433 Thread 0x000001bff489e950 23661       3       javax.swing.text.WrappedPlainView::getPreferredSpan (10 bytes)
Event: 274.433 Thread 0x000001bff489e950 nmethod 23661 0x000001bfdbb18b10 code [0x000001bfdbb18cc0, 0x000001bfdbb18e50]
Event: 274.433 Thread 0x000001bff48887f0 23662       4       javax.swing.text.BoxView::layoutMajorAxis (284 bytes)
Event: 274.434 Thread 0x000001bff489e950 23664       3       com.st.microxplorer.plugins.ip.gpio.gui.TableColumnManager::columnMarginChanged (1 bytes)
Event: 274.434 Thread 0x000001bff489e950 nmethod 23664 0x000001bfdbb18810 code [0x000001bfdbb189a0, 0x000001bfdbb18aa8]

GC Heap History (20 events):
Event: 202.497 GC heap before
{Heap before GC invocations=278 (full 0):
 garbage-first heap   total 798720K, used 729974K [0x0000000704800000, 0x0000000800000000)
  region size 2048K, 234 young (479232K), 2 survivors (4096K)
 Metaspace       used 105953K, committed 107328K, reserved 1179648K
  class space    used 11870K, committed 12544K, reserved 1048576K
}
Event: 202.499 GC heap after
{Heap after GC invocations=279 (full 0):
 garbage-first heap   total 798720K, used 254988K [0x0000000704800000, 0x0000000800000000)
  region size 2048K, 2 young (4096K), 2 survivors (4096K)
 Metaspace       used 105953K, committed 107328K, reserved 1179648K
  class space    used 11870K, committed 12544K, reserved 1048576K
}
Event: 204.600 GC heap before
{Heap before GC invocations=279 (full 0):
 garbage-first heap   total 798720K, used 730124K [0x0000000704800000, 0x0000000800000000)
  region size 2048K, 234 young (479232K), 2 survivors (4096K)
 Metaspace       used 105960K, committed 107328K, reserved 1179648K
  class space    used 11871K, committed 12544K, reserved 1048576K
}
Event: 204.602 GC heap after
{Heap after GC invocations=280 (full 0):
 garbage-first heap   total 798720K, used 254992K [0x0000000704800000, 0x0000000800000000)
  region size 2048K, 2 young (4096K), 2 survivors (4096K)
 Metaspace       used 105960K, committed 107328K, reserved 1179648K
  class space    used 11871K, committed 12544K, reserved 1048576K
}
Event: 219.085 GC heap before
{Heap before GC invocations=280 (full 0):
 garbage-first heap   total 798720K, used 730128K [0x0000000704800000, 0x0000000800000000)
  region size 2048K, 234 young (479232K), 2 survivors (4096K)
 Metaspace       used 106247K, committed 107648K, reserved 1179648K
  class space    used 11887K, committed 12544K, reserved 1048576K
}
Event: 219.088 GC heap after
{Heap after GC invocations=281 (full 0):
 garbage-first heap   total 798720K, used 256338K [0x0000000704800000, 0x0000000800000000)
  region size 2048K, 2 young (4096K), 2 survivors (4096K)
 Metaspace       used 106247K, committed 107648K, reserved 1179648K
  class space    used 11887K, committed 12544K, reserved 1048576K
}
Event: 227.751 GC heap before
{Heap before GC invocations=281 (full 0):
 garbage-first heap   total 798720K, used 731474K [0x0000000704800000, 0x0000000800000000)
  region size 2048K, 234 young (479232K), 2 survivors (4096K)
 Metaspace       used 106371K, committed 107776K, reserved 1179648K
  class space    used 11892K, committed 12544K, reserved 1048576K
}
Event: 227.756 GC heap after
{Heap after GC invocations=282 (full 0):
 garbage-first heap   total 798720K, used 257835K [0x0000000704800000, 0x0000000800000000)
  region size 2048K, 3 young (6144K), 3 survivors (6144K)
 Metaspace       used 106371K, committed 107776K, reserved 1179648K
  class space    used 11892K, committed 12544K, reserved 1048576K
}
Event: 235.319 GC heap before
{Heap before GC invocations=282 (full 0):
 garbage-first heap   total 798720K, used 730923K [0x0000000704800000, 0x0000000800000000)
  region size 2048K, 234 young (479232K), 3 survivors (6144K)
 Metaspace       used 106514K, committed 107904K, reserved 1179648K
  class space    used 11894K, committed 12544K, reserved 1048576K
}
Event: 235.323 GC heap after
{Heap after GC invocations=283 (full 0):
 garbage-first heap   total 798720K, used 259542K [0x0000000704800000, 0x0000000800000000)
  region size 2048K, 4 young (8192K), 4 survivors (8192K)
 Metaspace       used 106514K, committed 107904K, reserved 1179648K
  class space    used 11894K, committed 12544K, reserved 1048576K
}
Event: 246.597 GC heap before
{Heap before GC invocations=283 (full 0):
 garbage-first heap   total 798720K, used 730582K [0x0000000704800000, 0x0000000800000000)
  region size 2048K, 234 young (479232K), 4 survivors (8192K)
 Metaspace       used 106554K, committed 107904K, reserved 1179648K
  class space    used 11894K, committed 12544K, reserved 1048576K
}
Event: 246.601 GC heap after
{Heap after GC invocations=284 (full 0):
 garbage-first heap   total 798720K, used 259620K [0x0000000704800000, 0x0000000800000000)
  region size 2048K, 4 young (8192K), 4 survivors (8192K)
 Metaspace       used 106554K, committed 107904K, reserved 1179648K
  class space    used 11894K, committed 12544K, reserved 1048576K
}
Event: 249.311 GC heap before
{Heap before GC invocations=284 (full 0):
 garbage-first heap   total 798720K, used 730660K [0x0000000704800000, 0x0000000800000000)
  region size 2048K, 234 young (479232K), 4 survivors (8192K)
 Metaspace       used 106594K, committed 107968K, reserved 1179648K
  class space    used 11894K, committed 12544K, reserved 1048576K
}
Event: 249.315 GC heap after
{Heap after GC invocations=285 (full 0):
 garbage-first heap   total 798720K, used 260850K [0x0000000704800000, 0x0000000800000000)
  region size 2048K, 4 young (8192K), 4 survivors (8192K)
 Metaspace       used 106594K, committed 107968K, reserved 1179648K
  class space    used 11894K, committed 12544K, reserved 1048576K
}
Event: 257.196 GC heap before
{Heap before GC invocations=285 (full 0):
 garbage-first heap   total 798720K, used 731890K [0x0000000704800000, 0x0000000800000000)
  region size 2048K, 234 young (479232K), 4 survivors (8192K)
 Metaspace       used 106680K, committed 108032K, reserved 1179648K
  class space    used 11894K, committed 12544K, reserved 1048576K
}
Event: 257.198 GC heap after
{Heap after GC invocations=286 (full 0):
 garbage-first heap   total 798720K, used 262716K [0x0000000704800000, 0x0000000800000000)
  region size 2048K, 5 young (10240K), 5 survivors (10240K)
 Metaspace       used 106680K, committed 108032K, reserved 1179648K
  class space    used 11894K, committed 12544K, reserved 1048576K
}
Event: 261.306 GC heap before
{Heap before GC invocations=286 (full 0):
 garbage-first heap   total 798720K, used 731708K [0x0000000704800000, 0x0000000800000000)
  region size 2048K, 234 young (479232K), 5 survivors (10240K)
 Metaspace       used 106721K, committed 108096K, reserved 1179648K
  class space    used 11894K, committed 12544K, reserved 1048576K
}
Event: 261.312 GC heap after
{Heap after GC invocations=287 (full 0):
 garbage-first heap   total 798720K, used 262898K [0x0000000704800000, 0x0000000800000000)
  region size 2048K, 5 young (10240K), 5 survivors (10240K)
 Metaspace       used 106721K, committed 108096K, reserved 1179648K
  class space    used 11894K, committed 12544K, reserved 1048576K
}
Event: 270.215 GC heap before
{Heap before GC invocations=287 (full 0):
 garbage-first heap   total 798720K, used 731890K [0x0000000704800000, 0x0000000800000000)
  region size 2048K, 234 young (479232K), 5 survivors (10240K)
 Metaspace       used 106808K, committed 108160K, reserved 1179648K
  class space    used 11895K, committed 12544K, reserved 1048576K
}
Event: 270.220 GC heap after
{Heap after GC invocations=288 (full 0):
 garbage-first heap   total 798720K, used 265338K [0x0000000704800000, 0x0000000800000000)
  region size 2048K, 6 young (12288K), 6 survivors (12288K)
 Metaspace       used 106808K, committed 108160K, reserved 1179648K
  class space    used 11895K, committed 12544K, reserved 1048576K
}

Dll operation events (20 events):
Event: 0.004 Loaded shared library E:\STM32CubeMX\jre\bin\java.dll
Event: 0.034 Loaded shared library E:\STM32CubeMX\jre\bin\jsvml.dll
Event: 0.063 Loaded shared library E:\STM32CubeMX\jre\bin\net.dll
Event: 0.065 Loaded shared library E:\STM32CubeMX\jre\bin\nio.dll
Event: 0.082 Loaded shared library E:\STM32CubeMX\jre\bin\zip.dll
Event: 0.103 Loaded shared library E:\STM32CubeMX\jre\bin\jimage.dll
Event: 0.199 Loaded shared library E:\STM32CubeMX\jre\bin\management.dll
Event: 0.202 Loaded shared library E:\STM32CubeMX\jre\bin\management_ext.dll
Event: 0.525 Loaded shared library E:\STM32CubeMX\jre\bin\awt.dll
Event: 0.676 Loaded shared library E:\STM32CubeMX\jre\bin\freetype.dll
Event: 0.676 Loaded shared library E:\STM32CubeMX\jre\bin\fontmanager.dll
Event: 0.766 Loaded shared library E:\STM32CubeMX\jre\bin\verify.dll
Event: 0.846 Loaded shared library E:\STM32CubeMX\jre\bin\prefs.dll
Event: 0.905 Loaded shared library C:\Users\25697\AppData\Local\Temp\jna-47808689\jna12537615543592780780.dll
Event: 2.676 Loaded shared library E:\STM32CubeMX\jre\bin\sunmscapi.dll
Event: 3.095 Loaded shared library E:\STM32CubeMX\jre\bin\extnet.dll
Event: 4.369 Loaded shared library E:\STM32CubeMX\jre\bin\javajpeg.dll
Event: 5.382 Loaded shared library C:\Users\25697\.stm32cubemx\.jxbrowser-8.15.0\Chromium\toolkit64.dll
Event: 5.678 Loaded shared library C:\Users\25697\.stm32cubemx\.jxbrowser-8.15.0\Chromium\ipc64.dll
Event: 15.906 Loaded shared library C:\Users\25697\AppData\Local\Temp\sqlite-3.49.1.0-188b91dc-a0f7-4e85-8c26-c756392a0e75-sqlitejdbc.dll

Deoptimization events (20 events):
Event: 261.382 Thread 0x000001bffabdfae0 DEOPT PACKING pc=0x000001bfe372f0f8 sp=0x00000001032ff050
Event: 261.382 Thread 0x000001bffabdfae0 DEOPT UNPACKING pc=0x000001bfe2cf4422 sp=0x00000001032fef18 mode 2
Event: 261.382 Thread 0x000001bffabdfae0 Uncommon trap: trap_request=0xffffff45 fr.pc=0x000001bfe40ffb50 relative=0x0000000000000370
Event: 261.382 Thread 0x000001bffabdfae0 Uncommon trap: reason=unstable_if action=reinterpret pc=0x000001bfe40ffb50 method=javax.swing.plaf.basic.BasicTextUI.getVisibleEditorRect()Ljava/awt/Rectangle; @ 19 c2
Event: 261.382 Thread 0x000001bffabdfae0 DEOPT PACKING pc=0x000001bfe40ffb50 sp=0x00000001032fef60
Event: 261.382 Thread 0x000001bffabdfae0 DEOPT UNPACKING pc=0x000001bfe2cf4422 sp=0x00000001032feef8 mode 2
Event: 265.381 Thread 0x000001bffabdfae0 DEOPT PACKING pc=0x000001bfdc443c72 sp=0x00000001032fe440
Event: 265.381 Thread 0x000001bffabdfae0 DEOPT UNPACKING pc=0x000001bfe2cf4bc2 sp=0x00000001032fd8f8 mode 0
Event: 268.293 Thread 0x000001bffabdfae0 DEOPT PACKING pc=0x000001bfdcf0b1ab sp=0x00000001032fdd60
Event: 268.293 Thread 0x000001bffabdfae0 DEOPT UNPACKING pc=0x000001bfe2cf4bc2 sp=0x00000001032fd208 mode 0
Event: 268.293 Thread 0x000001bffabdfae0 DEOPT PACKING pc=0x000001bfdd0ae1e6 sp=0x00000001032fddb0
Event: 268.293 Thread 0x000001bffabdfae0 DEOPT UNPACKING pc=0x000001bfe2cf4bc2 sp=0x00000001032fd270 mode 0
Event: 268.294 Thread 0x000001bffabdfae0 DEOPT PACKING pc=0x000001bfdcc35e34 sp=0x00000001032fdef0
Event: 268.294 Thread 0x000001bffabdfae0 DEOPT UNPACKING pc=0x000001bfe2cf4bc2 sp=0x00000001032fd420 mode 0
Event: 269.331 Thread 0x000001bffabdfae0 DEOPT PACKING pc=0x000001bfdd11935c sp=0x00000001032fe410
Event: 269.331 Thread 0x000001bffabdfae0 DEOPT UNPACKING pc=0x000001bfe2cf4bc2 sp=0x00000001032fd920 mode 0
Event: 271.703 Thread 0x000001bffabdfae0 Uncommon trap: trap_request=0xffffff6e fr.pc=0x000001bfe397b194 relative=0x0000000000000554
Event: 271.703 Thread 0x000001bffabdfae0 Uncommon trap: reason=loop_limit_check action=maybe_recompile pc=0x000001bfe397b194 method=java.awt.geom.AffineTransform.transform([FI[FII)V @ 470 c2
Event: 271.703 Thread 0x000001bffabdfae0 DEOPT PACKING pc=0x000001bfe397b194 sp=0x00000001032fcc90
Event: 271.703 Thread 0x000001bffabdfae0 DEOPT UNPACKING pc=0x000001bfe2cf4422 sp=0x00000001032fcbb0 mode 2

Classes loaded (20 events):
Event: 218.691 Loading class javax/accessibility/AccessibleBundle done
Event: 218.692 Loading class javax/accessibility/AccessibleRelation done
Event: 218.692 Loading class javax/accessibility/AccessibleBundle$1
Event: 218.692 Loading class sun/awt/AWTAccessor$AccessibleBundleAccessor
Event: 218.692 Loading class sun/awt/AWTAccessor$AccessibleBundleAccessor done
Event: 218.692 Loading class javax/accessibility/AccessibleBundle$1 done
Event: 218.692 Loading class javax/swing/JScrollBar$AccessibleJScrollBar
Event: 218.692 Loading class javax/swing/JScrollBar$AccessibleJScrollBar done
Event: 225.080 Loading class javax/swing/text/JTextComponent$InputMethodRequestsHandler
Event: 225.086 Loading class javax/swing/text/JTextComponent$InputMethodRequestsHandler done
Event: 226.524 Loading class sun/awt/DebugSettings
Event: 226.528 Loading class sun/awt/DebugSettings done
Event: 226.529 Loading class javax/swing/JComponent$KeyboardState
Event: 226.530 Loading class javax/swing/JComponent$KeyboardState done
Event: 226.530 Loading class javax/swing/JComponent$IntVector
Event: 226.530 Loading class javax/swing/JComponent$IntVector done
Event: 232.854 Loading class javax/swing/text/DefaultHighlighter$LayeredHighlightInfo
Event: 232.860 Loading class javax/swing/text/DefaultHighlighter$HighlightInfo
Event: 232.860 Loading class javax/swing/text/DefaultHighlighter$HighlightInfo done
Event: 232.860 Loading class javax/swing/text/DefaultHighlighter$LayeredHighlightInfo done

Classes unloaded (20 events):
Event: 116.201 Thread 0x000001bff0d85f70 Unloading class 0x0000000800bf07f8 'com/st/stm32cube/ide/common/services/mx/jar/core/mx/plugin/PlugInInstaller$PlugInRoot'
Event: 116.201 Thread 0x000001bff0d85f70 Unloading class 0x0000000800bf05b8 'com/st/stm32cube/ide/common/services/mx/jar/core/mx/plugin/PlugInInstaller'
Event: 116.201 Thread 0x000001bff0d85f70 Unloading class 0x0000000800bf02d8 'com/st/stm32cube/ide/common/services/mx/jar/core/mx/plugin/PlugIn'
Event: 116.201 Thread 0x000001bff0d85f70 Unloading class 0x0000000800bf0000 'com/st/stm32cube/ide/common/services/mx/jar/core/mx/plugin/PlugInAbstract'
Event: 116.201 Thread 0x000001bff0d85f70 Unloading class 0x0000000800bebc00 'com/st/stm32cube/ide/common/services/mx/jar/core/mx/plugin/PlugInInterface'
Event: 133.639 Thread 0x000001bff0d85f70 Unloading class 0x0000000800bf37f8 'com/st/stm32cube/ide/common/services/mx/jar/core/mx/plugin/PlugInInstaller$PlugInRoot'
Event: 133.639 Thread 0x000001bff0d85f70 Unloading class 0x0000000800bf35b8 'com/st/stm32cube/ide/common/services/mx/jar/core/mx/plugin/PlugInInstaller'
Event: 133.639 Thread 0x000001bff0d85f70 Unloading class 0x0000000800bf32d8 'com/st/stm32cube/ide/common/services/mx/jar/core/mx/plugin/PlugIn'
Event: 133.639 Thread 0x000001bff0d85f70 Unloading class 0x0000000800bf3000 'com/st/stm32cube/ide/common/services/mx/jar/core/mx/plugin/PlugInAbstract'
Event: 133.639 Thread 0x000001bff0d85f70 Unloading class 0x0000000800bf2c00 'com/st/stm32cube/ide/common/services/mx/jar/core/mx/plugin/PlugInInterface'
Event: 145.371 Thread 0x000001bff0d85f70 Unloading class 0x0000000800bf37f8 'com/st/stm32cube/ide/common/services/mx/jar/core/mx/plugin/PlugInInstaller$PlugInRoot'
Event: 145.371 Thread 0x000001bff0d85f70 Unloading class 0x0000000800bf35b8 'com/st/stm32cube/ide/common/services/mx/jar/core/mx/plugin/PlugInInstaller'
Event: 145.371 Thread 0x000001bff0d85f70 Unloading class 0x0000000800bf32d8 'com/st/stm32cube/ide/common/services/mx/jar/core/mx/plugin/PlugIn'
Event: 145.371 Thread 0x000001bff0d85f70 Unloading class 0x0000000800bf3000 'com/st/stm32cube/ide/common/services/mx/jar/core/mx/plugin/PlugInAbstract'
Event: 145.371 Thread 0x000001bff0d85f70 Unloading class 0x0000000800bf2c00 'com/st/stm32cube/ide/common/services/mx/jar/core/mx/plugin/PlugInInterface'
Event: 167.729 Thread 0x000001bff0d85f70 Unloading class 0x0000000800bf37f8 'com/st/stm32cube/ide/common/services/mx/jar/core/mx/plugin/PlugInInstaller$PlugInRoot'
Event: 167.729 Thread 0x000001bff0d85f70 Unloading class 0x0000000800bf35b8 'com/st/stm32cube/ide/common/services/mx/jar/core/mx/plugin/PlugInInstaller'
Event: 167.729 Thread 0x000001bff0d85f70 Unloading class 0x0000000800bf32d8 'com/st/stm32cube/ide/common/services/mx/jar/core/mx/plugin/PlugIn'
Event: 167.729 Thread 0x000001bff0d85f70 Unloading class 0x0000000800bf3000 'com/st/stm32cube/ide/common/services/mx/jar/core/mx/plugin/PlugInAbstract'
Event: 167.729 Thread 0x000001bff0d85f70 Unloading class 0x0000000800bf2c00 'com/st/stm32cube/ide/common/services/mx/jar/core/mx/plugin/PlugInInterface'

Classes redefined (0 events):
No events

Internal exceptions (20 events):
Event: 261.319 Thread 0x000001bffabdfae0 Exception <a 'java/io/IOException'{0x0000000734bb5af0}> (0x0000000734bb5af0) 
thrown [s\src\hotspot\share\prims\jni.cpp, line 520]
Event: 261.319 Thread 0x000001bffabdfae0 Exception <a 'java/io/IOException'{0x0000000734bb6610}> (0x0000000734bb6610) 
thrown [s\src\hotspot\share\prims\jni.cpp, line 520]
Event: 261.319 Thread 0x000001bffabdfae0 Exception <a 'java/io/IOException'{0x0000000734bbab00}> (0x0000000734bbab00) 
thrown [s\src\hotspot\share\prims\jni.cpp, line 520]
Event: 261.319 Thread 0x000001bffabdfae0 Exception <a 'java/io/IOException'{0x0000000734bbb620}> (0x0000000734bbb620) 
thrown [s\src\hotspot\share\prims\jni.cpp, line 520]
Event: 261.319 Thread 0x000001bffabdfae0 Exception <a 'java/io/IOException'{0x0000000734bbed90}> (0x0000000734bbed90) 
thrown [s\src\hotspot\share\prims\jni.cpp, line 520]
Event: 261.319 Thread 0x000001bffabdfae0 Exception <a 'java/io/IOException'{0x0000000734bbf8b0}> (0x0000000734bbf8b0) 
thrown [s\src\hotspot\share\prims\jni.cpp, line 520]
Event: 261.330 Thread 0x000001bffabdfae0 Exception <a 'java/io/IOException'{0x0000000732b40778}> (0x0000000732b40778) 
thrown [s\src\hotspot\share\prims\jni.cpp, line 520]
Event: 261.330 Thread 0x000001bffabdfae0 Exception <a 'java/io/IOException'{0x0000000732b41298}> (0x0000000732b41298) 
thrown [s\src\hotspot\share\prims\jni.cpp, line 520]
Event: 274.384 Thread 0x000001bffabdfae0 Exception <a 'java/io/IOException'{0x000000072b2b2798}> (0x000000072b2b2798) 
thrown [s\src\hotspot\share\prims\jni.cpp, line 520]
Event: 274.384 Thread 0x000001bffabdfae0 Exception <a 'java/io/IOException'{0x000000072b2b32b8}> (0x000000072b2b32b8) 
thrown [s\src\hotspot\share\prims\jni.cpp, line 520]
Event: 274.384 Thread 0x000001bffabdfae0 Exception <a 'java/io/IOException'{0x000000072b2d0c18}> (0x000000072b2d0c18) 
thrown [s\src\hotspot\share\prims\jni.cpp, line 520]
Event: 274.384 Thread 0x000001bffabdfae0 Exception <a 'java/io/IOException'{0x000000072b2d1738}> (0x000000072b2d1738) 
thrown [s\src\hotspot\share\prims\jni.cpp, line 520]
Event: 274.384 Thread 0x000001bffabdfae0 Exception <a 'java/io/IOException'{0x000000072b2d4ea8}> (0x000000072b2d4ea8) 
thrown [s\src\hotspot\share\prims\jni.cpp, line 520]
Event: 274.384 Thread 0x000001bffabdfae0 Exception <a 'java/io/IOException'{0x000000072b2d59c8}> (0x000000072b2d59c8) 
thrown [s\src\hotspot\share\prims\jni.cpp, line 520]
Event: 274.384 Thread 0x000001bffabdfae0 Exception <a 'java/io/IOException'{0x000000072b2d9eb8}> (0x000000072b2d9eb8) 
thrown [s\src\hotspot\share\prims\jni.cpp, line 520]
Event: 274.384 Thread 0x000001bffabdfae0 Exception <a 'java/io/IOException'{0x000000072b2da9d8}> (0x000000072b2da9d8) 
thrown [s\src\hotspot\share\prims\jni.cpp, line 520]
Event: 274.384 Thread 0x000001bffabdfae0 Exception <a 'java/io/IOException'{0x000000072b2de148}> (0x000000072b2de148) 
thrown [s\src\hotspot\share\prims\jni.cpp, line 520]
Event: 274.384 Thread 0x000001bffabdfae0 Exception <a 'java/io/IOException'{0x000000072b2dec68}> (0x000000072b2dec68) 
thrown [s\src\hotspot\share\prims\jni.cpp, line 520]
Event: 274.402 Thread 0x000001bffabdfae0 Exception <a 'java/io/IOException'{0x00000007296275d8}> (0x00000007296275d8) 
thrown [s\src\hotspot\share\prims\jni.cpp, line 520]
Event: 274.402 Thread 0x000001bffabdfae0 Exception <a 'java/io/IOException'{0x00000007296280f8}> (0x00000007296280f8) 
thrown [s\src\hotspot\share\prims\jni.cpp, line 520]

ZGC Phase Switch (0 events):
No events

VM Operations (20 events):
Event: 262.320 Executing VM operation: Cleanup
Event: 262.320 Executing VM operation: Cleanup done
Event: 265.355 Executing VM operation: Cleanup
Event: 265.355 Executing VM operation: Cleanup done
Event: 266.356 Executing VM operation: Cleanup
Event: 266.356 Executing VM operation: Cleanup done
Event: 267.369 Executing VM operation: Cleanup
Event: 267.370 Executing VM operation: Cleanup done
Event: 268.372 Executing VM operation: Cleanup
Event: 268.372 Executing VM operation: Cleanup done
Event: 269.386 Executing VM operation: Cleanup
Event: 269.386 Executing VM operation: Cleanup done
Event: 270.215 Executing VM operation: G1CollectForAllocation (G1 Evacuation Pause)
Event: 270.220 Executing VM operation: G1CollectForAllocation (G1 Evacuation Pause) done
Event: 271.221 Executing VM operation: Cleanup
Event: 271.221 Executing VM operation: Cleanup done
Event: 272.222 Executing VM operation: Cleanup
Event: 272.223 Executing VM operation: Cleanup done
Event: 274.239 Executing VM operation: Cleanup
Event: 274.239 Executing VM operation: Cleanup done

Memory protections (0 events):
No events

Nmethod flushes (20 events):
Event: 182.093 Thread 0x000001bff0d85f70 flushing  nmethod 0x000001bfdc41d910
Event: 182.093 Thread 0x000001bff0d85f70 flushing  nmethod 0x000001bfe4048810
Event: 182.093 Thread 0x000001bff0d85f70 flushing  nmethod 0x000001bfdbfb4510
Event: 182.093 Thread 0x000001bff0d85f70 flushing  nmethod 0x000001bfdbf24a10
Event: 182.093 Thread 0x000001bff0d85f70 flushing  nmethod 0x000001bfdb91c210
Event: 182.723 Thread 0x000001bff0d85f70 flushing  nmethod 0x000001bfdd022810
Event: 182.723 Thread 0x000001bff0d85f70 flushing  nmethod 0x000001bfdd023790
Event: 182.723 Thread 0x000001bff0d85f70 flushing  nmethod 0x000001bfdd028010
Event: 182.723 Thread 0x000001bff0d85f70 flushing  nmethod 0x000001bfdcb28f90
Event: 182.723 Thread 0x000001bff0d85f70 flushing  nmethod 0x000001bfdb898690
Event: 182.723 Thread 0x000001bff0d85f70 flushing  nmethod 0x000001bfdd02da90
Event: 182.723 Thread 0x000001bff0d85f70 flushing  nmethod 0x000001bfe3e08b90
Event: 182.723 Thread 0x000001bff0d85f70 flushing  nmethod 0x000001bfdb94c890
Event: 183.398 Thread 0x000001bff0d85f70 flushing  nmethod 0x000001bfdbabc010
Event: 183.398 Thread 0x000001bff0d85f70 flushing  nmethod 0x000001bfdbdcca90
Event: 184.085 Thread 0x000001bff0d85f70 flushing  nmethod 0x000001bfdd1b6910
Event: 184.085 Thread 0x000001bff0d85f70 flushing  nmethod 0x000001bfdd1bc590
Event: 184.085 Thread 0x000001bff0d85f70 flushing  nmethod 0x000001bfdc1c0890
Event: 184.722 Thread 0x000001bff0d85f70 flushing  nmethod 0x000001bfdb996810
Event: 184.722 Thread 0x000001bff0d85f70 flushing  nmethod 0x000001bfdba80e90

Events (20 events):
Event: 250.191 Thread 0x000001bff48887f0 Thread added: 0x000001bf815db2e0
Event: 250.555 Thread 0x000001bf815db2e0 Thread exited: 0x000001bf815db2e0
Event: 253.806 Thread 0x000001bff489e950 Thread added: 0x000001bf815ddd40
Event: 254.593 Thread 0x000001bf815ddd40 Thread exited: 0x000001bf815ddd40
Event: 257.120 Thread 0x000001bff48887f0 Thread added: 0x000001bf815dc810
Event: 257.120 Thread 0x000001bff48887f0 Thread added: 0x000001bf815d8f90
Event: 257.964 Thread 0x000001bf815d8f90 Thread exited: 0x000001bf815d8f90
Event: 257.965 Thread 0x000001bf815dc810 Thread exited: 0x000001bf815dc810
Event: 260.013 Thread 0x000001bff48887f0 Thread added: 0x000001bf815df980
Event: 260.544 Thread 0x000001bf815df980 Thread exited: 0x000001bf815df980
Event: 261.345 Thread 0x000001bff489e950 Thread added: 0x000001bf815d9db0
Event: 264.269 Thread 0x000001bf815d9db0 Thread exited: 0x000001bf815d9db0
Event: 269.351 Thread 0x000001bff489e950 Thread added: 0x000001bf815dc100
Event: 269.825 Thread 0x000001bf815dc100 Thread exited: 0x000001bf815dc100
Event: 269.836 Thread 0x000001bff489e950 Thread added: 0x000001bf815dcf20
Event: 269.836 Thread 0x000001bff489e950 Thread added: 0x000001bf815d96a0
Event: 272.834 Thread 0x000001bf815d96a0 Thread exited: 0x000001bf815d96a0
Event: 272.848 Thread 0x000001bf815dcf20 Thread added: 0x000001bf815ddd40
Event: 273.382 Thread 0x000001bf815ddd40 Thread exited: 0x000001bf815ddd40
Event: 274.359 Thread 0x000001bf815dcf20 Thread exited: 0x000001bf815dcf20


Dynamic libraries:
0x00007ff693090000 - 0x00007ff69309e000 	E:\STM32CubeMX\jre\bin\javaw.exe
0x00007ffce3e80000 - 0x00007ffce40e7000 	C:\WINDOWS\SYSTEM32\ntdll.dll
0x00007ffce3140000 - 0x00007ffce3209000 	C:\WINDOWS\System32\KERNEL32.DLL
0x00007ffce1250000 - 0x00007ffce1647000 	C:\WINDOWS\System32\KERNELBASE.dll
0x00007ffcda8d0000 - 0x00007ffcda970000 	C:\WINDOWS\SYSTEM32\apphelp.dll
0x00007ffbfa4e0000 - 0x00007ffbfa986000 	C:\WINDOWS\SYSTEM32\AcLayers.DLL
0x00007ffce3cd0000 - 0x00007ffce3d79000 	C:\WINDOWS\System32\msvcrt.dll
0x00007ffce39e0000 - 0x00007ffce3a46000 	C:\WINDOWS\System32\SHLWAPI.dll
0x00007ffce1840000 - 0x00007ffce198b000 	C:\WINDOWS\System32\ucrtbase.dll
0x00007ffce09e0000 - 0x00007ffce124c000 	C:\WINDOWS\System32\Windows.Storage.dll
0x00007ffce2150000 - 0x00007ffce24d3000 	C:\WINDOWS\System32\combase.dll
0x00007ffce3330000 - 0x00007ffce3448000 	C:\WINDOWS\System32\RPCRT4.dll
0x00007ffce1790000 - 0x00007ffce1833000 	C:\WINDOWS\System32\msvcp_win.dll
0x00007ffce2090000 - 0x00007ffce2146000 	C:\WINDOWS\System32\advapi32.dll
0x00007ffce3630000 - 0x00007ffce36d7000 	C:\WINDOWS\System32\sechost.dll
0x00007ffcc1520000 - 0x00007ffcc1538000 	E:\STM32CubeMX\jre\bin\jli.dll
0x00007ffcc1500000 - 0x00007ffcc151e000 	E:\STM32CubeMX\jre\bin\VCRUNTIME140.dll
0x00007ffce3810000 - 0x00007ffce39d6000 	C:\WINDOWS\System32\USER32.dll
0x00007ffcb7c10000 - 0x00007ffcb7ea2000 	C:\WINDOWS\WinSxS\amd64_microsoft.windows.common-controls_6595b64144ccf1df_6.0.26100.8457_none_3e0b2faee331e92d\COMCTL32.dll
0x00007ffce1a50000 - 0x00007ffce1a77000 	C:\WINDOWS\System32\win32u.dll
0x00007ffce3d90000 - 0x00007ffce3dbb000 	C:\WINDOWS\System32\GDI32.dll
0x00007ffce08b0000 - 0x00007ffce09dc000 	C:\WINDOWS\System32\gdi32full.dll
0x00007ffce2980000 - 0x00007ffce29b2000 	C:\WINDOWS\System32\IMM32.DLL
0x00007ffcd9800000 - 0x00007ffcd980c000 	E:\STM32CubeMX\jre\bin\vcruntime140_1.dll
0x00007ffc9aa30000 - 0x00007ffc9aabd000 	E:\STM32CubeMX\jre\bin\msvcp140.dll
0x00007ffbc0ae0000 - 0x00007ffbc1880000 	E:\STM32CubeMX\jre\bin\server\jvm.dll
0x00007ffce24f0000 - 0x00007ffce2570000 	C:\WINDOWS\System32\WS2_32.dll
0x00007ffcdf4b0000 - 0x00007ffcdf50e000 	C:\WINDOWS\SYSTEM32\POWRPROF.dll
0x00007ffcd6230000 - 0x00007ffcd623b000 	C:\WINDOWS\SYSTEM32\VERSION.dll
0x00007ffcca410000 - 0x00007ffcca446000 	C:\WINDOWS\SYSTEM32\WINMM.dll
0x00007ffcdf490000 - 0x00007ffcdf4a4000 	C:\WINDOWS\SYSTEM32\UMPDC.dll
0x00007ffcdf760000 - 0x00007ffcdf77b000 	C:\WINDOWS\SYSTEM32\kernel.appcore.dll
0x00007ffcd5ab0000 - 0x00007ffcd5aba000 	E:\STM32CubeMX\jre\bin\jimage.dll
0x00007ffcddf20000 - 0x00007ffcde162000 	C:\WINDOWS\SYSTEM32\DBGHELP.DLL
0x00007ffce3a50000 - 0x00007ffce3b29000 	C:\WINDOWS\System32\OLEAUT32.dll
0x00007ffcd9790000 - 0x00007ffcd97cb000 	C:\WINDOWS\SYSTEM32\dbgcore.DLL
0x00007ffce1650000 - 0x00007ffce16f8000 	C:\WINDOWS\System32\bcryptPrimitives.dll
0x00007ffcbdcd0000 - 0x00007ffcbdcf0000 	E:\STM32CubeMX\jre\bin\java.dll
0x00007ffce29c0000 - 0x00007ffce312e000 	C:\WINDOWS\System32\SHELL32.dll
0x00007ffce3210000 - 0x00007ffce3306000 	C:\WINDOWS\System32\SHCORE.dll
0x00007ffce07d0000 - 0x00007ffce07f9000 	C:\WINDOWS\SYSTEM32\profapi.dll
0x00007ffc98720000 - 0x00007ffc987f7000 	E:\STM32CubeMX\jre\bin\jsvml.dll
0x00007ffcbdcc0000 - 0x00007ffcbdcd0000 	E:\STM32CubeMX\jre\bin\net.dll
0x00007ffcd79a0000 - 0x00007ffcd7ac9000 	C:\WINDOWS\SYSTEM32\WINHTTP.dll
0x00007ffcdfcd0000 - 0x00007ffcdfd3c000 	C:\WINDOWS\system32\mswsock.dll
0x00007ffcb4dc0000 - 0x00007ffcb4dd6000 	E:\STM32CubeMX\jre\bin\nio.dll
0x00007ffca9360000 - 0x00007ffca9378000 	E:\STM32CubeMX\jre\bin\zip.dll
0x00007ffca8dd0000 - 0x00007ffca8dda000 	E:\STM32CubeMX\jre\bin\management.dll
0x00007ffca6690000 - 0x00007ffca669c000 	E:\STM32CubeMX\jre\bin\management_ext.dll
0x00007ffce3d80000 - 0x00007ffce3d88000 	C:\WINDOWS\System32\PSAPI.DLL
0x00007ffcb45c0000 - 0x00007ffcb45d8000 	C:\WINDOWS\system32\napinsp.dll
0x00007ffcdf230000 - 0x00007ffcdf362000 	C:\WINDOWS\SYSTEM32\DNSAPI.dll
0x00007ffcdf1f0000 - 0x00007ffcdf222000 	C:\WINDOWS\SYSTEM32\IPHLPAPI.DLL
0x00007ffce3320000 - 0x00007ffce332a000 	C:\WINDOWS\System32\NSI.dll
0x00007ffcb45a0000 - 0x00007ffcb45b3000 	C:\WINDOWS\System32\winrnr.dll
0x00007ffcb4570000 - 0x00007ffcb4592000 	C:\WINDOWS\system32\nlansp_c.dll
0x00007ffcd6450000 - 0x00007ffcd6466000 	C:\WINDOWS\system32\wshbth.dll
0x00000000585d0000 - 0x00000000585db000 	C:\Program Files\National Instruments\Shared\mDNS Responder\nimdnsNSP.dll
0x00000000585b0000 - 0x00000000585c1000 	C:\WINDOWS\SYSTEM32\nimdnsResponder.dll
0x00007ffcd6390000 - 0x00007ffcd639b000 	C:\Windows\System32\rasadhlp.dll
0x00007ffcd8130000 - 0x00007ffcd81b6000 	C:\WINDOWS\System32\fwpuclnt.dll
0x00007ffc63a10000 - 0x00007ffc63b9f000 	E:\STM32CubeMX\jre\bin\awt.dll
0x00007ffcdffb0000 - 0x00007ffcdffcb000 	C:\WINDOWS\SYSTEM32\CRYPTSP.dll
0x00007ffcdf6c0000 - 0x00007ffcdf6f9000 	C:\WINDOWS\system32\rsaenh.dll
0x00007ffcdfd80000 - 0x00007ffcdfdb3000 	C:\WINDOWS\SYSTEM32\USERENV.dll
0x00007ffce07a0000 - 0x00007ffce07ca000 	C:\WINDOWS\SYSTEM32\bcrypt.dll
0x00007ffcdffd0000 - 0x00007ffcdffdc000 	C:\WINDOWS\SYSTEM32\CRYPTBASE.dll
0x00007ffcdaa30000 - 0x00007ffcdaada000 	C:\WINDOWS\system32\uxtheme.dll
0x00007ffce2610000 - 0x00007ffce276c000 	C:\WINDOWS\System32\MSCTF.dll
0x00007ffcd97d0000 - 0x00007ffcd97d8000 	C:\WINDOWS\system32\OskSupport.dll
0x00007ffce3b30000 - 0x00007ffce3cc7000 	C:\WINDOWS\System32\ole32.dll
0x00007ffcdac40000 - 0x00007ffcdac6f000 	C:\WINDOWS\system32\DWMAPI.DLL
0x00007ffbfd950000 - 0x00007ffbfda5f000 	C:\WINDOWS\system32\opengl32.dll
0x00007ffc64170000 - 0x00007ffc6419d000 	C:\WINDOWS\SYSTEM32\GLU32.dll
0x00007ffcde610000 - 0x00007ffcde655000 	C:\WINDOWS\SYSTEM32\dxcore.dll
0x00007ffc98350000 - 0x00007ffc983d7000 	E:\STM32CubeMX\jre\bin\freetype.dll
0x00007ffc63910000 - 0x00007ffc63a02000 	E:\STM32CubeMX\jre\bin\fontmanager.dll
0x00007ffca6680000 - 0x00007ffca6690000 	E:\STM32CubeMX\jre\bin\verify.dll
0x00007ffca6670000 - 0x00007ffca6679000 	E:\STM32CubeMX\jre\bin\prefs.dll
0x00007ffc9a9e0000 - 0x00007ffc9aa21000 	C:\Users\25697\AppData\Local\Temp\jna-47808689\jna12537615543592780780.dll
0x00007ffca5f40000 - 0x00007ffca5f53000 	C:\WINDOWS\SYSTEM32\SortWindows61.dll
0x00007ffca6660000 - 0x00007ffca666e000 	E:\STM32CubeMX\jre\bin\sunmscapi.dll
0x00007ffce1a80000 - 0x00007ffce1bf8000 	C:\WINDOWS\System32\CRYPT32.dll
0x00007ffce01d0000 - 0x00007ffce0200000 	C:\WINDOWS\SYSTEM32\ncrypt.dll
0x00007ffce0180000 - 0x00007ffce01bf000 	C:\WINDOWS\SYSTEM32\NTASN1.dll
0x00007ffce00e0000 - 0x00007ffce00f3000 	C:\WINDOWS\SYSTEM32\MSASN1.dll
0x00007ffce05c0000 - 0x00007ffce05ca000 	C:\WINDOWS\SYSTEM32\DPAPI.dll
0x00007ffcdfd40000 - 0x00007ffcdfd6f000 	C:\WINDOWS\SYSTEM32\gpapi.dll
0x00007ffca5f30000 - 0x00007ffca5f39000 	E:\STM32CubeMX\jre\bin\extnet.dll
0x00007ffc988b0000 - 0x00007ffc988df000 	E:\STM32CubeMX\jre\bin\javajpeg.dll
0x00007ffce36e0000 - 0x00007ffce378e000 	C:\WINDOWS\System32\clbcatq.dll
0x00007ffcd9d40000 - 0x00007ffcd9f6d000 	C:\WINDOWS\SYSTEM32\WindowsCodecs.dll
0x00007ffc761c0000 - 0x00007ffc7621a000 	C:\WINDOWS\system32\dataexchange.dll
0x00007ffcc3400000 - 0x00007ffcc364e000 	C:\WINDOWS\system32\twinapi.appcore.dll
0x00007ffca95a0000 - 0x00007ffca96e6000 	C:\WINDOWS\SYSTEM32\textinputframework.dll
0x00007ffc776b0000 - 0x00007ffc777d6000 	C:\Users\25697\.stm32cubemx\.jxbrowser-8.15.0\Chromium\toolkit64.dll
0x00007ffbfa3c0000 - 0x00007ffbfa4de000 	C:\Users\25697\.stm32cubemx\.jxbrowser-8.15.0\Chromium\ipc64.dll
0x00007ffbfa140000 - 0x00007ffbfa23a000 	C:\Users\25697\AppData\Local\Temp\sqlite-3.49.1.0-188b91dc-a0f7-4e85-8c26-c756392a0e75-sqlitejdbc.dll
0x00007ffcda600000 - 0x00007ffcda727000 	C:\WINDOWS\SYSTEM32\CoreMessaging.dll
0x00007ffccc240000 - 0x00007ffccc522000 	C:\WINDOWS\SYSTEM32\CoreUIComponents.dll
0x00007ffcd8790000 - 0x00007ffcd88fa000 	C:\WINDOWS\SYSTEM32\wintypes.dll
0x00007ffc79a30000 - 0x00007ffc79e4f000 	C:\Windows\System32\uiautomationcore.dll
0x00007ffca1180000 - 0x00007ffca11f6000 	C:\Windows\System32\OLEACC.dll

JVMTI agents: none

dbghelp: loaded successfully - version: 4.0.5 - missing functions: none
symbol engine: initialized successfully - sym options: 0x614 - pdb path: .;E:\STM32CubeMX\jre\bin;C:\WINDOWS\SYSTEM32;C:\WINDOWS\WinSxS\amd64_microsoft.windows.common-controls_6595b64144ccf1df_6.0.26100.8457_none_3e0b2faee331e92d;E:\STM32CubeMX\jre\bin\server;C:\Program Files\National Instruments\Shared\mDNS Responder;C:\Users\25697\AppData\Local\Temp\jna-47808689;C:\Users\25697\.stm32cubemx\.jxbrowser-8.15.0\Chromium;C:\Users\25697\AppData\Local\Temp

VM Arguments:
jvm_args: -Djavax.net.ssl.trustStoreType=WINDOWS-ROOT -Dsun.java2d.d3d=false --add-exports=java.desktop/sun.awt=ALL-UNNAMED --add-opens=java.desktop/java.awt=ALL-UNNAMED -Dfile.encoding=UTF8 
java_command: com.st.microxplorer.maingui.STM32CubeMX E:\AWL_WORK\Wheel-legged\Wheel-legged\Wheel-legged.ioc
java_class_path (initial): E:\STM32CubeMX\STM32CubeMX.exe;anything
Launcher Type: SUN_STANDARD

[Global flags]
     intx CICompilerCount                          = 15                                        {product} {ergonomic}
     uint ConcGCThreads                            = 6                                         {product} {ergonomic}
     uint G1ConcRefinementThreads                  = 23                                        {product} {ergonomic}
   size_t G1HeapRegionSize                         = 2097152                                   {product} {ergonomic}
    uintx GCDrainStackTargetSize                   = 64                                        {product} {ergonomic}
   size_t InitialHeapSize                          = 264241152                                 {product} {ergonomic}
   size_t MarkStackSize                            = 4194304                                   {product} {ergonomic}
   size_t MaxHeapSize                              = 4219469824                                {product} {ergonomic}
   size_t MaxNewSize                               = 2531262464                                {product} {ergonomic}
   size_t MinHeapDeltaBytes                        = 2097152                                   {product} {ergonomic}
   size_t MinHeapSize                              = 8388608                                   {product} {ergonomic}
    uintx NonNMethodCodeHeapSize                   = 8192380                                {pd product} {ergonomic}
    uintx NonProfiledCodeHeapSize                  = 121732930                              {pd product} {ergonomic}
    uintx ProfiledCodeHeapSize                     = 121732930                              {pd product} {ergonomic}
    uintx ReservedCodeCacheSize                    = 251658240                              {pd product} {ergonomic}
     bool SegmentedCodeCache                       = true                                      {product} {ergonomic}
   size_t SoftMaxHeapSize                          = 4219469824                             {manageable} {ergonomic}
     bool UseCompressedOops                        = true                           {product lp64_product} {ergonomic}
     bool UseG1GC                                  = true                                      {product} {ergonomic}
     bool UseLargePagesIndividualAllocation        = false                                  {pd product} {ergonomic}

Logging:
Log output configuration:
 #0: stdout all=warning uptime,level,tags foldmultilines=false
 #1: stderr all=off uptime,level,tags foldmultilines=false

Release file:
JAVA_VERSION="21.0.9" 
MODULES="java.base java.compiler java.datatransfer java.xml java.prefs java.desktop java.instrument java.logging java.management java.security.sasl java.naming java.rmi java.management.rmi java.net.http java.scripting java.security.jgss java.transaction.xa java.sql java.sql.rowset java.xml.crypto java.se java.smartcardio jdk.jfr javafx.base jdk.unsupported javafx.graphics javafx.controls javafx.fxml javafx.media jdk.unsupported.desktop javafx.swing jdk.jsobject jdk.xml.dom javafx.web jdk.accessibility jdk.internal.jvmstat jdk.attach jdk.charsets jdk.internal.opt jdk.zipfs jdk.compiler jdk.crypto.ec jdk.crypto.cryptoki jdk.crypto.mscapi jdk.dynalink jdk.internal.ed jdk.editpad jdk.httpserver jdk.incubator.vector jdk.internal.le jdk.internal.vm.ci jdk.internal.vm.compiler jdk.internal.vm.compiler.management jdk.jartool jdk.javadoc jdk.jdeps jdk.jdwp.agent jdk.jdi jdk.jlink jdk.jpackage jdk.jshell jdk.jstatd jdk.localedata jdk.management jdk.management.agent jdk.management.jfr jdk.naming.dns jdk.naming.rmi jdk.net jdk.nio.mapmode jdk.random jdk.sctp jdk.security.auth jdk.security.jgss" 

Environment Variables:
PATH=F:\Environment_All\Python\Scripts\;F:\Environment_All\Python\;D:\VMware Workstation Pro\bin\;C:\Program Files\MySQL\mysql\bin;C:\WINDOWS\system32;C:\WINDOWS;C:\WINDOWS\System32\Wbem;C:\WINDOWS\System32\WindowsPowerShell\v1.0\;C:\WINDOWS\System32\OpenSSH\;C:\Program Files\dotnet\;C:\Program Files (x86)\Windows Kits\10\Windows Performance Toolkit\;C:\Program Files\NVIDIA Corporation\NVIDIA app\NvDLISR;F:\MATLAB R2024b\runtime\win64;F:\MATLAB R2024b\bin;C:\Users\25697\AppData\Local\Programs\Python\Launcher\;C:\Users\25697\AppData\Local\Microsoft\WindowsApps;D:\Microsoft VS Code\bin;F:\mingw64\bin;C:\Program Files (x86)\NVIDIA Corporation\PhysX\Common;F:\Environment_All\Node.js\;E:\SunShine;E:\SunShine\tools;E:\Webots\lib\controller;E:\Webots\msys64\mingw64\bin;D:\Git\Git\cmd;C:\Users\25697\AppData\Local\Programs\oh-my-posh\bin\;C:\Users\25697\.local\bin;C:\Users\25697\AppData\Local\Programs\Python\Launcher\;C:\Users\25697\AppData\Local\Microsoft\WindowsApps;F:\mingw64\bin;F:\Environment_All\Ozone;D:\JLink_Windows_V722b\JLink;F:\Environment_All\gcc-arm-none-eabi-10.3-2021.10-win32\gcc-arm-none-eabi-10.3-2021.10\bin;F:\Environment_All\Pycharm\PyCharm 2025.2.2\bin;C:\Users\25697\AppData\Roaming\npm;E:\Webots;E:\Webots\lib\controller;E:\Webots\msys64\mingw64\bin;E:\Webots\msys64\mingw64\bin\cpp;E:\Microsoft VS Code\bin;E:\STM32CubeMX\.\jre\\bin
USERNAME=25697
OS=Windows_NT
PROCESSOR_IDENTIFIER=Intel64 Family 6 Model 183 Stepping 1, GenuineIntel
TMP=C:\Users\25697\AppData\Local\Temp
TEMP=C:\Users\25697\AppData\Local\Temp




Periodic native trim disabled

---------------  S Y S T E M  ---------------

OS:
 Windows 11 , 64 bit Build 26100 (10.0.26100.8328)
OS uptime: 0 days 4:29 hours
Hyper-V role detected

CPU: total 32 (initial active 32) (16 cores per cpu, 2 threads per core) family 6 model 183 stepping 1 microcode 0x11f, cx8, cmov, fxsr, ht, mmx, 3dnowpref, sse, sse2, sse3, ssse3, sse4.1, sse4.2, popcnt, lzcnt, tsc, tscinvbit, avx, avx2, aes, erms, clmul, bmi1, bmi2, adx, sha, fma, vzeroupper, clflush, clflushopt, clwb, hv, serialize, rdtscp, rdpid, fsrm, f16c, cet_ibt, cet_ss
Processor Information for processor 0
  Max Mhz: 2200, Current Mhz: 1466, Mhz Limit: 2200
Processor Information for processor 1
  Max Mhz: 2200, Current Mhz: 1466, Mhz Limit: 2200
Processor Information for processor 2
  Max Mhz: 2200, Current Mhz: 2200, Mhz Limit: 2200
Processor Information for processor 3
  Max Mhz: 2200, Current Mhz: 1466, Mhz Limit: 2200
Processor Information for processor 4
  Max Mhz: 2200, Current Mhz: 2200, Mhz Limit: 2200
Processor Information for processor 5
  Max Mhz: 2200, Current Mhz: 1466, Mhz Limit: 2200
Processor Information for processor 6
  Max Mhz: 2200, Current Mhz: 1466, Mhz Limit: 2200
Processor Information for processor 7
  Max Mhz: 2200, Current Mhz: 2200, Mhz Limit: 2200
Processor Information for processor 8
  Max Mhz: 2200, Current Mhz: 2200, Mhz Limit: 2200
Processor Information for processor 9
  Max Mhz: 2200, Current Mhz: 2200, Mhz Limit: 2200
Processor Information for processor 10
  Max Mhz: 2200, Current Mhz: 1466, Mhz Limit: 2200
Processor Information for processor 11
  Max Mhz: 2200, Current Mhz: 2200, Mhz Limit: 2200
Processor Information for processor 12
  Max Mhz: 2200, Current Mhz: 1466, Mhz Limit: 2200
Processor Information for processor 13
  Max Mhz: 2200, Current Mhz: 2200, Mhz Limit: 2200
Processor Information for processor 14
  Max Mhz: 2200, Current Mhz: 1466, Mhz Limit: 2200
Processor Information for processor 15
  Max Mhz: 2200, Current Mhz: 1466, Mhz Limit: 2200
Processor Information for processor 16
  Max Mhz: 2200, Current Mhz: 1500, Mhz Limit: 1584
Processor Information for processor 17
  Max Mhz: 2200, Current Mhz: 1500, Mhz Limit: 1584
Processor Information for processor 18
  Max Mhz: 2200, Current Mhz: 1500, Mhz Limit: 1584
Processor Information for processor 19
  Max Mhz: 2200, Current Mhz: 1500, Mhz Limit: 1584
Processor Information for processor 20
  Max Mhz: 2200, Current Mhz: 1500, Mhz Limit: 1584
Processor Information for processor 21
  Max Mhz: 2200, Current Mhz: 1500, Mhz Limit: 1584
Processor Information for processor 22
  Max Mhz: 2200, Current Mhz: 1500, Mhz Limit: 1584
Processor Information for processor 23
  Max Mhz: 2200, Current Mhz: 1500, Mhz Limit: 1584
Processor Information for processor 24
  Max Mhz: 2200, Current Mhz: 1500, Mhz Limit: 1584
Processor Information for processor 25
  Max Mhz: 2200, Current Mhz: 1500, Mhz Limit: 1584
Processor Information for processor 26
  Max Mhz: 2200, Current Mhz: 1600, Mhz Limit: 1584
Processor Information for processor 27
  Max Mhz: 2200, Current Mhz: 1500, Mhz Limit: 1584
Processor Information for processor 28
  Max Mhz: 2200, Current Mhz: 1600, Mhz Limit: 1584
Processor Information for processor 29
  Max Mhz: 2200, Current Mhz: 1500, Mhz Limit: 1584
Processor Information for processor 30
  Max Mhz: 2200, Current Mhz: 1500, Mhz Limit: 1584
Processor Information for processor 31
  Max Mhz: 2200, Current Mhz: 1500, Mhz Limit: 1584

Memory: 4k page, system-wide physical 16088M (2826M free)
TotalPageFile size 31448M (AvailPageFile size 11330M)
current process WorkingSet (physical memory assigned to process): 1204M, peak: 1255M
current process commit charge ("private bytes"): 1257M, peak: 1310M

vm_info: OpenJDK 64-Bit Server VM (21.0.9+10-LTS) for windows-amd64 JRE (21.0.9+10-LTS), built on 2025-10-21T00:00:00Z by "admin" with unknown MS VC++:1942

END.
