#
# A fatal error has been detected by the Java Runtime Environment:
#
#  EXCEPTION_ACCESS_VIOLATION (0xc0000005) at pc=0x00000220ae672fc7, pid=22260, tid=32932
#
# JRE version: OpenJDK Runtime Environment Temurin-21.0.9+10 (21.0.9+10) (build 21.0.9+10-LTS)
# Java VM: OpenJDK 64-Bit Server VM Temurin-21.0.9+10 (21.0.9+10-LTS, mixed mode, tiered, compressed oops, compressed class ptrs, g1 gc, windows-amd64)
# Problematic frame:
# J 20275 c2 java.util.regex.Matcher.<init>(Ljava/util/regex/Pattern;Ljava/lang/CharSequence;)V java.base@21.0.9 (95 bytes) @ 0x00000220ae672fc7 [0x00000220ae672d20+0x00000000000002a7]
#
# No core dump will be written. Minidumps are not enabled by default on client versions of Windows
#
# If you would like to submit a bug report, please visit:
#   https://github.com/adoptium/adoptium-support/issues
#

---------------  S U M M A R Y ------------

Command Line: -Djavax.net.ssl.trustStoreType=WINDOWS-ROOT -Dsun.java2d.d3d=false --add-exports=java.desktop/sun.awt=ALL-UNNAMED --add-opens=java.desktop/java.awt=ALL-UNNAMED -Dfile.encoding=UTF8 com.st.microxplorer.maingui.STM32CubeMX E:\AWL_WORK\Wheel-legged\Wheel-legged\Wheel-legged.ioc

Host: Intel(R) Core(TM) i9-14900HX, 32 cores, 15G,  Windows 11 , 64 bit Build 26100 (10.0.26100.8328)
Time: Mon Jun  8 15:36:22 2026 elapsed time: 699.039250 seconds (0d 0h 11m 39s)

---------------  T H R E A D  ---------------

Current thread (0x00000220c63e5430):  JavaThread "AWT-EventQueue-0"        [_thread_in_Java, id=32932, stack(0x0000003352700000,0x0000003352800000) (1024K)]

Stack: [0x0000003352700000,0x0000003352800000],  sp=0x00000033527feae0,  free space=1018k
Native frames: (J=compiled Java code, j=interpreted, Vv=VM code, C=native code)
C  0x00000220ae672fc7

The last pc belongs to nmethod (printed below).

siginfo: EXCEPTION_ACCESS_VIOLATION (0xc0000005), writing address 0x0000000000000000


Registers:
RAX=0x0000000000000000, RBX=0x0000000723ea93b0, RCX=0x0000000000000017, RDX=0x0000000723ea9300
RSP=0x00000033527feae0, RBP=0x000000070c33ba98, RSI=0x0000000000000055, RDI=0x0000000723ea93b0
R8 =0x0000000000000000, R9 =0x000000070b37a928, R10=0x0000000000000010, R11=0x0000000723ea93c0
R12=0x0000000000000000, R13=0x000000070b37a940, R14=0x0000000000000000, R15=0x00000220c63e5430
RIP=0x00000220ae672fc7, EFLAGS=0x0000000000010287

XMM[0]=0x0000000000000000 0x0000000000000000
XMM[1]=0x0000000000000000 0x000000070c33c1d0
XMM[2]=0x0000000000000000 0x0000000723ea9230
XMM[3]=0x0000000000000000 0x000000070b37a928
XMM[4]=0x0000000000000000 0x00000000e18677ec
XMM[5]=0x0000000000000000 0x000000070c33bf60
XMM[6]=0x0000000000000000 0x0000000006082dbc
XMM[7]=0x81852ba581852ba5 0x81852ba5878d5961
XMM[8]=0x88f208501d96fd7f 0x3b6d48207ba6ef1a
XMM[9]=0x4c8526e54eea6fab 0x4fa92cf2b5dcf10c
XMM[10]=0x000e178101b4d89f 0x34e63b4167e12cdf
XMM[11]=0xee830681e1ddc99f 0x59db6a41e191dddf
XMM[12]=0x7dd7bc017dd7bc01 0x7dd7bc017dd7bc01
XMM[13]=0x0000000000000000 0x406f880000000000
XMM[14]=0x0000000000000000 0x3ffa666666666667
XMM[15]=0x0000000000000000 0x0000000000000000
  MXCSR=0x00001fa7


Register to memory mapping:

RAX=0x0 is null
RBX=
[error occurred during error reporting (printing register info), id 0xc0000005, EXCEPTION_ACCESS_VIOLATION (0xc0000005) at pc=0x00007ffbc0aecad1]
RCX=0x0000000000000017 is an unknown value
RDX=0x0000000723ea9300 is an oop: java.util.regex.Matcher 
{0x0000000723ea9300} - klass: 'java/util/regex/Matcher'
 - ---- fields (total size 10 words):
 - 'from' 'I' @12  0 (0x00000000)
 - 'to' 'I' @16  0 (0x00000000)
 - 'lookbehindTo' 'I' @20  0 (0x00000000)
 - 'acceptMode' 'I' @24  0 (0x00000000)
 - 'first' 'I' @28  -1 (0xffffffff)
 - 'last' 'I' @32  0 (0x00000000)
 - 'oldLast' 'I' @36  -1 (0xffffffff)
 - 'lastAppendPosition' 'I' @40  0 (0x00000000)
 - 'modCount' 'I' @44  0 (0x00000000)
 - 'hitEnd' 'Z' @48  false (0x00)
 - 'requireEnd' 'Z' @49  false (0x00)
 - 'transparentBounds' 'Z' @50  false (0x00)
 - 'anchoringBounds' 'Z' @51  true (0x01)
 - 'parentPattern' 'Ljava/util/regex/Pattern;' @52  a 'java/util/regex/Pattern'{0x000000070c33ba98} (0xe1867753)
 - 'groups' '[I' @56  [I{0x0000000723ea9350} (0xe47d526a)
 - 'text' 'Ljava/lang/CharSequence;' @60  "STM32H723VGTx"{0x000000070b37a928} (0xe166f525)
 - 'locals' '[I' @64  null (0x00000000)
 - 'localsPos' '[Ljava/util/regex/IntHashSet;' @68  null (0x00000000)
 - private 'namedGroups' 'Ljava/util/Map;' @72  null (0x00000000)
RSP=0x00000033527feae0 is pointing into the stack for thread: 0x00000220c63e5430
RBP=0x000000070c33ba98 is an oop: java.util.regex.Pattern 
{0x000000070c33ba98} - klass: 'java/util/regex/Pattern'
 - ---- fields (total size 11 words):
 - private 'flags' 'I' @12  0 (0x00000000)
 - private transient 'flags0' 'I' @16  0 (0x00000000)
 - transient 'localTCNCount' 'I' @20  0 (0x00000000)
 - transient 'capturingGroupCount' 'I' @24  1 (0x00000001)
 - transient 'localCount' 'I' @28  0 (0x00000000)
 - private transient 'cursor' 'I' @32  35 (0x00000023)
 - private transient 'patternLength' 'I' @36  0 (0x00000000)
 - private volatile transient 'compiled' 'Z' @40  true (0x01)
 - transient 'hasGroupRef' 'Z' @41  false (0x00)
 - private transient 'hasSupplementary' 'Z' @42  false (0x00)
 - private 'pattern' 'Ljava/lang/String;' @44  "Instance 1.Serial Interface - SITF1"{0x000000070c33baf0} (0xe186775e)
 - private transient 'normalizedPattern' 'Ljava/lang/String;' @48  "Instance 1.Serial Interface - SITF1"{0x000000070c33baf0} (0xe186775e)
 - transient 'root' 'Ljava/util/regex/Pattern$Node;' @52  a 'java/util/regex/Pattern$BnM'{0x000000070c33bb40} (0xe1867768)
 - transient 'matchRoot' 'Ljava/util/regex/Pattern$Node;' @56  a 'java/util/regex/Pattern$Slice'{0x000000070c33be80} (0xe18677d0)
 - transient 'buffer' '[I' @60  null (0x00000000)
 - transient 'predicate' 'Ljava/util/regex/Pattern$CharPredicate;' @64  null (0x00000000)
 - volatile transient 'namedGroups' 'Ljava/util/Map;' @68  null (0x00000000)
 - transient 'groupNodes' '[Ljava/util/regex/Pattern$GroupHead;' @72  null (0x00000000)
 - transient 'topClosureNodes' 'Ljava/util/List;' @76  null (0x00000000)
 - private transient 'temp' '[I' @80  null (0x00000000)
RSI=0x0000000000000055 is an unknown value
RDI=
[error occurred during error reporting (printing register info, attempt 2), id 0xc0000005, EXCEPTION_ACCESS_VIOLATION (0xc0000005) at pc=0x00007ffbc0aecad1]
R8 =0x0 is null
R9 =0x000000070b37a928 is an oop: java.lang.String 
{0x000000070b37a928} - klass: 'java/lang/String'
 - string: "STM32H723VGTx"
 - ---- fields (total size 3 words):
 - private 'hash' 'I' @12  815980272 (0x30a2def0)
 - private final 'coder' 'B' @16  0 (0x00)
 - private 'hashIsZero' 'Z' @17  false (0x00)
 - injected 'flags' 'B' @18  0 (0x00)
 - private final 'value' '[B' @20  [B{0x000000070b37a940} (0xe166f528)
R10=0x0000000000000010 is an unknown value
R11=
[error occurred during error reporting (printing register info, attempt 3), id 0xc0000005, EXCEPTION_ACCESS_VIOLATION (0xc0000005) at pc=0x00007ffbc0aecad1]
Top of Stack: (sp=0x00000033527feae0)
0x00000033527feae0:   00000220adea4800 00000220c63e5430
0x00000033527feaf0:   0000000000000002 0000000000000002
0x00000033527feb00:   0000000723ea9300 0000000723ea9228
0x00000033527feb10:   000000070c33ba70 e1867753e18677d3
0x00000033527feb20:   00000000e166f525 00000220af13a310
0x00000033527feb30:   0000000723e98628 00000220adea48cf
0x00000033527feb40:   406f880000000000 407a340000000000
0x00000033527feb50:   0000000723ea921c 0000000723ea922c
0x00000033527feb60:   000000070c2a1420 0000000200000002
0x00000033527feb70:   000000070c2bf2a0 000000070c33ba28
0x00000033527feb80:   0000000000000002 0000000723e99140
0x00000033527feb90:   0000000200000001 000000070c33ba98
0x00000033527feba0:   0000006000000061 e1857e5400000075
0x00000033527febb0:   0000000000000002 0000000723ea9300
0x00000033527febc0:   0000000723ea9218 0000000000000000
0x00000033527febd0:   0000000724074e58 00000007ffe13e88
0x00000033527febe0:   00000000e1854284 00000220aea7f698
0x00000033527febf0:   e16e6ac4e47d3205 0000000723e99028
0x00000033527fec00:   000014b534e8aa24 000000070b735640
0x00000033527fec10:   00000007107974f8 fffda3bffffd6c3f
0x00000033527fec20:   0000000724074e58 0000000700000002
0x00000033527fec30:   0000000723e99140 0000000724074e58
0x00000033527fec40:   0000001e8aaf9709 0000000000000000
0x00000033527fec50:   000000070ea984e0 00000220aee493c4
0x00000033527fec60:   407c200000000000 0000000724074e58
0x00000033527fec70:   407c200000000000 0000000724074e58
0x00000033527fec80:   000000070ea984e0 0000000000000001
0x00000033527fec90:   0000022000000000 0000000723e98f98
0x00000033527feca0:   000000070b7356e8 0000000723e99090
0x00000033527fecb0:   0000000710d55b48 0000000724074e58
0x00000033527fecc0:   000014ab00000000 000014dc000012e6
0x00000033527fecd0:   00000007000012cf 0000000723e96738 

Instructions: (pc=0x00000220ae672fc7)
0x00000220ae672ec7:   fe 48 33 c0 48 83 f9 08 7f 10 48 ff c9 78 4f 48
0x00000220ae672ed7:   89 04 cf 48 ff c9 7d f7 eb 44 c5 fd ef c0 e9 0d
0x00000220ae672ee7:   00 00 00 c5 fe 7f 07 c5 fe 7f 47 20 48 83 c7 40
0x00000220ae672ef7:   48 83 e9 08 7d ed 48 83 c1 04 7c 0c c5 fe 7f 07
0x00000220ae672f07:   48 83 c7 20 48 83 e9 04 48 83 c1 04 7e 10 48 ff
0x00000220ae672f17:   c9 c5 f9 d6 07 48 83 c7 08 48 ff c9 7d f3 41 80
0x00000220ae672f27:   7f 40 00 0f 85 1f 05 00 00 4c 8b 54 24 20 4c 8b
0x00000220ae672f37:   db 49 c1 eb 03 4c 8b 44 24 20 45 89 58 38 4c 8b
0x00000220ae672f47:   db 4d 33 da 49 c1 eb 15 4d 85 db 74 1a 49 c1 ea
0x00000220ae672f57:   09 48 b9 00 c0 46 b4 20 02 00 00 49 03 ca 80 39
0x00000220ae672f67:   02 0f 85 35 06 00 00 44 8b 45 1c 41 81 f8 00 00
0x00000220ae672f77:   04 00 0f 87 d5 07 00 00 4d 63 d0 41 81 f8 00 00
0x00000220ae672f87:   04 00 0f 87 55 07 00 00 49 8b 9f b8 01 00 00 4a
0x00000220ae672f97:   8d 0c 95 17 00 00 00 4c 8b d1 49 83 e2 f8 4c 8b
0x00000220ae672fa7:   db 4d 03 da 4d 3b 9f c8 01 00 00 0f 83 2c 07 00
0x00000220ae672fb7:   00 4d 89 9f b8 01 00 00 41 0f 0d 8b c0 00 00 00
0x00000220ae672fc7:   48 c7 03 01 00 00 00 41 0f 0d 8b 00 01 00 00 c7
0x00000220ae672fd7:   43 08 c8 0d 04 00 44 89 43 0c 41 0f 0d 8b 40 01
0x00000220ae672fe7:   00 00 48 8b fb 48 83 c7 10 41 0f 0d 8b 80 01 00
0x00000220ae672ff7:   00 48 c1 e9 03 48 83 c1 fe 48 33 c0 48 83 f9 08
0x00000220ae673007:   7f 10 48 ff c9 78 4f 48 89 04 cf 48 ff c9 7d f7
0x00000220ae673017:   eb 44 c5 fd ef c0 e9 0d 00 00 00 c5 fe 7f 07 c5
0x00000220ae673027:   fe 7f 47 20 48 83 c7 40 48 83 e9 08 7d ed 48 83
0x00000220ae673037:   c1 04 7c 0c c5 fe 7f 07 48 83 c7 20 48 83 e9 04
0x00000220ae673047:   48 83 c1 04 7e 10 48 ff c9 c5 f9 d6 07 48 83 c7
0x00000220ae673057:   08 48 ff c9 7d f3 41 80 7f 40 00 0f 85 5f 04 00
0x00000220ae673067:   00 4c 8b 54 24 20 4c 8b c3 49 c1 e8 03 4c 8b 5c
0x00000220ae673077:   24 20 45 89 43 40 4c 8b db 4d 33 da 49 c1 eb 15
0x00000220ae673087:   4d 85 db 74 1a 49 c1 ea 09 48 b9 00 c0 46 b4 20
0x00000220ae673097:   02 00 00 49 03 ca 80 39 02 0f 85 af 04 00 00 44
0x00000220ae6730a7:   8b 45 14 41 81 f8 00 00 04 00 0f 87 8d 06 00 00
0x00000220ae6730b7:   4d 63 d0 41 81 f8 00 00 04 00 0f 87 3d 06 00 00 


Stack slot to memory mapping:

stack at sp + 0 slots: 0x00000220adea4800 is at begin+0 in a stub
StubRoutines::jint_disjoint_arraycopy [0x00000220adea4800, 0x00000220adea4967] (359 bytes)
stack at sp + 1 slots: 0x00000220c63e5430 is a thread
stack at sp + 2 slots: 0x0000000000000002 is an unknown value
stack at sp + 3 slots: 0x0000000000000002 is an unknown value
stack at sp + 4 slots: 0x0000000723ea9300 is an oop: java.util.regex.Matcher 
{0x0000000723ea9300} - klass: 'java/util/regex/Matcher'
 - ---- fields (total size 10 words):
 - 'from' 'I' @12  0 (0x00000000)
 - 'to' 'I' @16  0 (0x00000000)
 - 'lookbehindTo' 'I' @20  0 (0x00000000)
 - 'acceptMode' 'I' @24  0 (0x00000000)
 - 'first' 'I' @28  -1 (0xffffffff)
 - 'last' 'I' @32  0 (0x00000000)
 - 'oldLast' 'I' @36  -1 (0xffffffff)
 - 'lastAppendPosition' 'I' @40  0 (0x00000000)
 - 'modCount' 'I' @44  0 (0x00000000)
 - 'hitEnd' 'Z' @48  false (0x00)
 - 'requireEnd' 'Z' @49  false (0x00)
 - 'transparentBounds' 'Z' @50  false (0x00)
 - 'anchoringBounds' 'Z' @51  true (0x01)
 - 'parentPattern' 'Ljava/util/regex/Pattern;' @52  a 'java/util/regex/Pattern'{0x000000070c33ba98} (0xe1867753)
 - 'groups' '[I' @56  [I{0x0000000723ea9350} (0xe47d526a)
 - 'text' 'Ljava/lang/CharSequence;' @60  "STM32H723VGTx"{0x000000070b37a928} (0xe166f525)
 - 'locals' '[I' @64  null (0x00000000)
 - 'localsPos' '[Ljava/util/regex/IntHashSet;' @68  null (0x00000000)
 - private 'namedGroups' 'Ljava/util/Map;' @72  null (0x00000000)
stack at sp + 5 slots: 
[error occurred during error reporting (inspecting top of stack), id 0xc0000005, EXCEPTION_ACCESS_VIOLATION (0xc0000005) at pc=0x00007ffbc0aecad1]
stack at sp + 6 slots: 0x000000070c33ba70 is pointing into object: [Ljava.lang.Object; 
{0x000000070c33ba60} - klass: 'java/lang/Object'[]
 - length: 10
stack at sp + 7 slots: 0xe1867753e18677d3 is an unknown value


Compiled method (c2) 699071 20275       4       java.util.regex.Matcher::<init> (95 bytes)
 total in heap  [0x00000220ae672b10,0x00000220ae673cb0] = 4512
 relocation     [0x00000220ae672c70,0x00000220ae672d10] = 160
 main code      [0x00000220ae672d20,0x00000220ae673930] = 3088
 stub code      [0x00000220ae673930,0x00000220ae673958] = 40
 metadata       [0x00000220ae673958,0x00000220ae6739a8] = 80
 scopes data    [0x00000220ae6739a8,0x00000220ae673ab0] = 264
 scopes pcs     [0x00000220ae673ab0,0x00000220ae673c00] = 336
 dependencies   [0x00000220ae673c00,0x00000220ae673c08] = 8
 handler table  [0x00000220ae673c08,0x00000220ae673c68] = 96
 nul chk table  [0x00000220ae673c68,0x00000220ae673cb0] = 72

[Constant Pool (empty)]

[MachCode]
[Entry Point]
  # {method} {0x00000220c17861f0} '<init>' '(Ljava/util/regex/Pattern;Ljava/lang/CharSequence;)V' in 'java/util/regex/Matcher'
  # this:     rdx:rdx   = 'java/util/regex/Matcher'
  # parm0:    r8:r8     = 'java/util/regex/Pattern'
  # parm1:    r9:r9     = 'java/lang/CharSequence'
  #           [sp+0x50]  (sp of caller)
  0x00000220ae672d20: 448b 5208 | 49bb 0000 | 0000 0800 | 0000 4d03 | d349 3bc2 

  0x00000220ae672d34: ;   {runtime_call ic_miss_stub}
  0x00000220ae672d34: 0f85 46ba | 84ff 6690 | 0f1f 4000 
[Verified Entry Point]
  0x00000220ae672d40: 8984 2400 | 80ff ff55 | 4883 ec40 | 4181 7f20 | 7b01 0000 | 0f85 c80b | 0000 498b | d949 8be8 
  0x00000220ae672d60: 4180 7f40 | 000f 856c | 0600 0048 | 8954 2420 | 4c8b 5424 | 2041 c642 | 3301 4589 | 6218 41c7 
  0x00000220ae672d80: 421c ffff | ffff 4589 | 6220 41c7 | 4224 ffff | ffff 4589 | 6228 4588 | 6232 4c8b | c549 c1e8 
  0x00000220ae672da0: 034c 8b5c | 2420 4589 | 4334 488b | fb48 c1ef | 034c 8bdd | 4d33 da49 | c1eb 154d | 85db 741f 
  0x00000220ae672dc0: 4885 ed74 | 1a49 c1ea | 0948 b900 | c046 b420 | 0200 0049 | 03ca 8039 | 020f 8560 | 0800 0041 
  0x00000220ae672de0: 807f 4000 | 0f85 2906 | 0000 4c8b | 5424 2041 | 897a 3c4c | 8bd3 4c8b | 5c24 204d | 33d3 49c1 
  0x00000220ae672e00: ea15 4d85 | d274 1f48 | 85db 741a | 49c1 eb09 | 48b9 00c0 | 46b4 2002 | 0000 4903 | cb80 3902 
  0x00000220ae672e20: 0f85 cb07 | 0000 448b | 4518 41bb | 0a00 0000 

  0x00000220ae672e30: ;   {no_reloc}
  0x00000220ae672e30: 453b c345 | 0f4c c341 | d1e0 4181 | f800 0004 | 000f 8705 | 0900 004d | 63d0 4181 | f800 0004 
  0x00000220ae672e50: 000f 87cd | 0800 0049 | 8b9f b801 | 0000 4a8d | 0c95 1700 | 0000 4c8b | d149 83e2 | f84c 8bdb 
  0x00000220ae672e70: 4d03 da4d | 3b9f c801 | 0000 0f83 | a408 0000 | 4d89 9fb8 | 0100 0041 | 0f0d 8bc0 | 0000 0048 
  0x00000220ae672e90: c703 0100 | 0000 410f | 0d8b 0001 

  0x00000220ae672e9c: ;   {metadata({type array int})}
  0x00000220ae672e9c: 0000 c743 | 08c8 0d04 | 0044 8943 | 0c41 0f0d | 8b40 0100 | 0048 8bfb | 4883 c710 | 410f 0d8b 
  0x00000220ae672ebc: 8001 0000 | 48c1 e903 | 4883 c1fe | 4833 c048 | 83f9 087f | 1048 ffc9 | 784f 4889 | 04cf 48ff 
  0x00000220ae672edc: c97d f7eb | 44c5 fdef | c0e9 0d00 | 0000 c5fe | 7f07 c5fe | 7f47 2048 | 83c7 4048 | 83e9 087d 
  0x00000220ae672efc: ed48 83c1 | 047c 0cc5 | fe7f 0748 | 83c7 2048 | 83e9 0448 | 83c1 047e | 1048 ffc9 | c5f9 d607 
  0x00000220ae672f1c: 4883 c708 | 48ff c97d | f341 807f | 4000 0f85 | 1f05 0000 | 4c8b 5424 | 204c 8bdb | 49c1 eb03 
  0x00000220ae672f3c: 4c8b 4424 | 2045 8958 | 384c 8bdb | 4d33 da49 | c1eb 154d | 85db 741a | 49c1 ea09 | 48b9 00c0 
  0x00000220ae672f5c: 46b4 2002 | 0000 4903 | ca80 3902 | 0f85 3506 | 0000 448b | 451c 4181 | f800 0004 | 000f 87d5 
  0x00000220ae672f7c: 0700 004d | 63d0 4181 | f800 0004 | 000f 8755 | 0700 0049 | 8b9f b801 | 0000 4a8d | 0c95 1700 
  0x00000220ae672f9c: ;   {no_reloc}
  0x00000220ae672f9c: 0000 4c8b | d149 83e2 | f84c 8bdb | 4d03 da4d | 3b9f c801 | 0000 0f83 | 2c07 0000 | 4d89 9fb8 
  0x00000220ae672fbc: 0100 0041 | 0f0d 8bc0 | 0000 0048 | c703 0100 | 0000 410f | 0d8b 0001 

  0x00000220ae672fd4: ;   {metadata({type array int})}
  0x00000220ae672fd4: 0000 c743 | 08c8 0d04 | 0044 8943 | 0c41 0f0d | 8b40 0100 | 0048 8bfb | 4883 c710 | 410f 0d8b 
  0x00000220ae672ff4: 8001 0000 | 48c1 e903 | 4883 c1fe | 4833 c048 | 83f9 087f | 1048 ffc9 | 784f 4889 | 04cf 48ff 
  0x00000220ae673014: c97d f7eb | 44c5 fdef | c0e9 0d00 | 0000 c5fe | 7f07 c5fe | 7f47 2048 | 83c7 4048 | 83e9 087d 
  0x00000220ae673034: ed48 83c1 | 047c 0cc5 | fe7f 0748 | 83c7 2048 | 83e9 0448 | 83c1 047e | 1048 ffc9 | c5f9 d607 
  0x00000220ae673054: 4883 c708 | 48ff c97d | f341 807f | 4000 0f85 | 5f04 0000 | 4c8b 5424 | 204c 8bc3 | 49c1 e803 
  0x00000220ae673074: 4c8b 5c24 | 2045 8943 | 404c 8bdb | 4d33 da49 | c1eb 154d | 85db 741a | 49c1 ea09 | 48b9 00c0 
  0x00000220ae673094: 46b4 2002 | 0000 4903 | ca80 3902 | 0f85 af04 | 0000 448b | 4514 4181 | f800 0004 | 000f 878d 
  0x00000220ae6730b4: 0600 004d | 63d0 4181 | f800 0004 | 000f 873d | 0600 0049 | 8b9f b801 | 0000 4a8d | 0c95 1700 
  0x00000220ae6730d4: ;   {no_reloc}
  0x00000220ae6730d4: 0000 4c8b | d149 83e2 | f84c 8bdb | 4d03 da4d | 3b9f c801 | 0000 0f83 | 1406 0000 | 4d89 9fb8 
  0x00000220ae6730f4: 0100 0041 | 0f0d 8bc0 | 0000 0048 | c703 0100 | 0000 410f | 0d8b 0001 

  0x00000220ae67310c: ;   {metadata('java/util/regex/IntHashSet'[])}
  0x00000220ae67310c: 0000 c743 | 08b8 1f0a | 0044 8943 | 0c41 0f0d | 8b40 0100 | 0048 8bfb | 4883 c710 | 410f 0d8b 
  0x00000220ae67312c: 8001 0000 | 48c1 e903 | 4883 c1fe | 4833 c048 | 83f9 087f | 1048 ffc9 | 784f 4889 | 04cf 48ff 
  0x00000220ae67314c: c97d f7eb | 44c5 fdef | c0e9 0d00 | 0000 c5fe | 7f07 c5fe | 7f47 2048 | 83c7 4048 | 83e9 087d 
  0x00000220ae67316c: ed48 83c1 | 047c 0cc5 | fe7f 0748 | 83c7 2048 | 83e9 0448 | 83c1 047e | 1048 ffc9 | c5f9 d607 
  0x00000220ae67318c: 4883 c708 | 48ff c97d | f341 807f | 4000 0f85 | eb02 0000 | 4c8b 5424 | 204c 8bdb | 49c1 eb03 
  0x00000220ae6731ac: 4c8b 4424 | 2045 8958 | 444c 8bdb | 4d33 da49 | c1eb 154d | 85db 741b | 49c1 ea09 | 49b8 00c0 
  0x00000220ae6731cc: 46b4 2002 | 0000 4d03 | c241 8038 | 020f 8524 | 0300 004c | 8b54 2420 | 41c7 4224 | ffff ffff 
  0x00000220ae6731ec: 458b 5238 | 4c8b 5c24 | 2041 c743 | 1cff ffff | ff45 8963 | 2043 8b4c | d40c 33db | 85c9 0f86 
  0x00000220ae67320c: ;   {no_reloc}
  0x00000220ae67320c: d500 0000 | 448d 41ff | 443b c10f | 833f 0500 | 004b 8d3c | d44c 63d1 | 448b c741 | c1e8 0241 
  0x00000220ae67322c: 83e0 0341 | bbff ffff | ff45 2bd8 | 41b8 0200 | 0000 c442 | b8f5 db49 | 83c3 014d | 3bda 4d0f 
  0x00000220ae67324c: 4cd3 458b | c245 33d2 | 42c7 4497 | 10ff ffff | ff45 8d5a | 0145 3bd8 | 7d05 458b | d3eb e944 
  0x00000220ae67326c: 8d49 fd45 | 3bd9 0f8d | 0005 0000 | 41ff c2ba | a00f 0000 | c5f9 76c0 | 448b d945 | 2bda 4183 
  0x00000220ae67328c: c3fd 453b | ca44 0f4c | db41 81fb | a00f 0000 | 440f 47da | 4503 da66 | 0f1f 8400 | 0000 0000 
  0x00000220ae6732ac: 6666 6690 | c4a1 7a7f | 4497 1041 | 83c2 0445 | 3bd3 7cf0 | 4d8b 8750 

  0x00000220ae6732c4: ; ImmutableOopMap {rdi=Oop [32]=Oop }
                      ;*goto {reexecute=1 rethrow=0 return_oop=0}
                      ; - (reexecute) java.util.regex.Matcher::reset@36 (line 451)
                      ; - java.util.regex.Matcher::<init>@90 (line 256)
                      ;   {poll}
  0x00000220ae6732c4: 0400 0041 | 8500 453b | d17c b544 | 3bd1 7d11 | 42c7 4497 | 10ff ffff | ff41 ffc2 | 443b d17c 
  0x00000220ae6732e4: ef4c 8b54 | 2420 458b | 5a40 438b | 6cdc 0c85 | ed76 5244 | 8d45 ff44 | 3bc5 0f83 | 0d05 0000 
  0x00000220ae673304: 4f8d 14dc | 41b8 e803 | 0000 4533 | db8b cd41 | 2bcb 413b | eb0f 4ccb | 81f9 e803 | 0000 410f 
  0x00000220ae673324: 47c8 4103 | cb43 c744 | 9a10 ffff | ffff 41ff | c344 3bd9 | 7cef 4d8b | 8f50 0400 

  0x00000220ae673340: ; ImmutableOopMap {r10=Oop [32]=Oop }
                      ;*goto {reexecute=1 rethrow=0 return_oop=0}
                      ; - (reexecute) java.util.regex.Matcher::reset@60 (line 453)
                      ; - java.util.regex.Matcher::<init>@90 (line 256)
                      ;   {poll}
  0x00000220ae673340: 0041 8501 | 443b dd7c | c84c 8b54 | 2420 418b | 4a44 458b | 54cc 0c45 | 85d2 0f87 | 2d03 0000 
  0x00000220ae673360: 4c8b 5424 | 2045 8962 | 0c41 8b6a | 3c45 8962 | 2845 8b54 | ec08 4d8d 

  0x00000220ae673378: ;   {metadata('java/nio/HeapCharBuffer')}
  0x00000220ae673378: 1cec 4181 | faf8 4907 

  0x00000220ae673380: ;   {metadata('java/lang/String')}
  0x00000220ae673380: 0074 2241 | 81fa c01d | 0400 0f85 | 9404 0000 | 458b 4314 

  0x00000220ae673394: ; implicit exception: dispatches to 0x00000220ae6738b4
  0x00000220ae673394: 478b 54c4 | 0c45 0fbe | 4310 c442 | 3af7 c2eb | 0d45 8b43 | 1c45 2b43 | 1845 85c0 | 7e20 4c8b 
  0x00000220ae6733b4: 5424 2045 | 8942 1041 | ff42 2c48 | 83c4 405d 

  0x00000220ae6733c4: ;   {poll_return}
  0x00000220ae6733c4: 493b a748 | 0400 000f | 873b 0500 | 00c3 4533 | c0eb db48 | 8954 2420 | 448b 5234 | 4585 d20f 
  0x00000220ae6733e4: 8487 f9ff | ff4d 8b5f | 2849 8bca | 48c1 e103 | 4d85 db0f | 8483 0300 | 004d 8b57 | 384b 894c 
  0x00000220ae673404: 1af8 4983 | c3f8 4d89 | 5f28 e95d | f9ff ff4c | 8b54 2420 | 458b 523c | 4585 d20f | 84c5 f9ff 
  0x00000220ae673424: ff4d 8b5f | 2849 8bca | 48c1 e103 | 4d85 db0f | 8464 0300 | 004d 8b57 | 384b 894c | 1af8 4983 
  0x00000220ae673444: c3f8 4d89 | 5f28 e99b | f9ff ff4c | 8b54 2420 | 458b 5a38 | 4585 db0f | 84cf faff | ff4d 8b57 
  0x00000220ae673464: 2849 8bcb | 48c1 e103 | 4d85 d20f | 8462 0300 | 004d 8b5f | 384b 894c | 13f8 4983 | c2f8 4d89 
  0x00000220ae673484: 5728 e9a5 | faff ff4c | 8b54 2420 | 458b 5a44 | 4585 db0f | 8403 fdff | ff4d 8b57 | 2849 8bcb 
  0x00000220ae6734a4: 48c1 e103 | 4d85 d20f | 8409 0300 | 004d 8b5f | 384b 894c | 13f8 4983 | c2f8 4d89 

  0x00000220ae6734c0: ;   {no_reloc}
  0x00000220ae6734c0: 5728 e9d9 | fcff ff4c | 8b54 2420 | 458b 5240 | 4585 d20f | 848f fbff | ff4d 8b5f | 2849 8bca 
  0x00000220ae6734e0: 48c1 e103 | 4d85 db0f | 8407 0300 | 004d 8b57 | 384b 894c | 1af8 4983 | c3f8 4d89 | 5f28 e965 
  0x00000220ae673500: fbff ff4d | 8b57 484d | 8b5f 58f0 | 8344 24c0 | 0041 8038 | 000f 84c4 | fcff ff45 | 8820 4d85 
  0x00000220ae673520: d275 2049 | 8bc8 498b | d749 ba00 | 9be0 c0fb | 7f00 0041 

  0x00000220ae673534: ;   {other}
  0x00000220ae673534: ffd2 0f1f | 8400 0000 | 0000 e99c | fcff ff4f | 8944 13f8 | 4983 c2f8 | 4d89 5748 | e98a fcff 
  0x00000220ae673554: ff4d 8b57 | 484d 8b5f | 58f0 8344 | 24c0 0080 | 3900 0f84 | 3afb ffff | 4488 214d | 85d2 751d 
  0x00000220ae673574: 498b d749 | ba00 9be0 | c0fb 7f00 | 0041 ffd2 

  0x00000220ae673584: ;   {other}
  0x00000220ae673584: 0f1f 8400 | 0000 0000 | e915 fbff | ff4b 894c | 13f8 4983 | c2f8 4d89 | 5748 e903 | fbff ff4d 
  0x00000220ae6735a4: 8b57 484d | 8b5f 58f0 | 8344 24c0 | 0080 3900 | 0f84 b4f9 | ffff 4488 | 214d 85d2 | 751d 498b 
  0x00000220ae6735c4: d749 ba00 | 9be0 c0fb | 7f00 0041 

  0x00000220ae6735d0: ;   {other}
  0x00000220ae6735d0: ffd2 0f1f | 8400 0000 | 0000 e98f | f9ff ff4b | 894c 13f8 | 4983 c2f8 | 4d89 5748 | e97d f9ff 
  0x00000220ae6735f0: ff4d 8b57 | 484d 8b5f | 58f0 8344 | 24c0 0080 | 3900 0f84 | 1ef8 ffff | 4488 214d | 85d2 751d 
  0x00000220ae673610: 498b d749 | ba00 9be0 | c0fb 7f00 | 0041 ffd2 

  0x00000220ae673620: ;   {other}
  0x00000220ae673620: 0f1f 8400 | 0000 0000 | e9f9 f7ff | ff4b 894c | 13f8 4983 | c2f8 4d89 | 5748 e9e7 | f7ff ff4d 
  0x00000220ae673640: 8b57 484d | 8b5f 58f0 | 8344 24c0 | 0080 3900 | 0f84 89f7 | ffff 4488 | 214d 85d2 | 751d 498b 
  0x00000220ae673660: d749 ba00 | 9be0 c0fb | 7f00 0041 

  0x00000220ae67366c: ;   {other}
  0x00000220ae67366c: ffd2 0f1f | 8400 0000 | 0000 e964 | f7ff ff4b | 894c 13f8 | 4983 c2f8 | 4d89 5748 | e952 f7ff 
  0x00000220ae67368c: ff33 ed90 

  0x00000220ae673690: ; implicit exception: dispatches to 0x00000220ae6738e4
  0x00000220ae673690: 458b 54cc | 0c41 3bea | 0f83 9a01 | 0000 4d8d | 14cc 458b | 5caa 1045 | 85db 7414 | 4b8d 14dc 
  0x00000220ae6736b0: ;   {optimized virtual_call}
  0x00000220ae6736b0: 6666 90e8 

  0x00000220ae6736b4: ; ImmutableOopMap {[32]=Oop }
                      ;*invokevirtual clear {reexecute=0 rethrow=0 return_oop=0}
                      ; - java.util.regex.Matcher::reset@89 (line 457)
                      ; - java.util.regex.Matcher::<init>@90 (line 256)
  0x00000220ae6736b4: c8b3 84ff 

  0x00000220ae6736b8: ;   {other}
  0x00000220ae6736b8: 0f1f 8400 | a80b 0002 | 4d8b 8750 | 0400 004c | 8b54 2420 | 418b 4a44 

  0x00000220ae6736d0: ; ImmutableOopMap {rcx=NarrowOop [32]=Oop }
                      ;*goto {reexecute=1 rethrow=0 return_oop=0}
                      ; - (reexecute) java.util.regex.Matcher::reset@95 (line 455)
                      ; - java.util.regex.Matcher::<init>@90 (line 256)
                      ;   {poll}
  0x00000220ae6736d0: ffc5 4185 | 0045 8b54 | cc0c 413b | ea7c b1e9 | 7cfc ffff 

  0x00000220ae6736e4: ;   {metadata({type array int})}
  0x00000220ae6736e4: 48ba c80d | 0400 0800 

  0x00000220ae6736ec: ;   {runtime_call _new_array_Java}
  0x00000220ae6736ec: 0000 90e8 

  0x00000220ae6736f0: ; ImmutableOopMap {rbp=Oop [32]=Oop }
                      ;*newarray {reexecute=0 rethrow=0 return_oop=1}
                      ; - java.util.regex.Matcher::<init>@73 (line 252)
  0x00000220ae6736f0: 8c24 91ff 

  0x00000220ae6736f4: ;   {other}
  0x00000220ae6736f4: 0f1f 8400 | e40b 0004 | 488b d8e9 | 59f9 ffff 

  0x00000220ae673704: ;   {metadata('java/util/regex/IntHashSet'[])}
  0x00000220ae673704: 48ba b81f | 0a00 0800 

  0x00000220ae67370c: ;   {runtime_call _new_array_Java}
  0x00000220ae67370c: 0000 90e8 

  0x00000220ae673710: ; ImmutableOopMap {[32]=Oop }
                      ;*anewarray {reexecute=0 rethrow=0 return_oop=1}
                      ; - java.util.regex.Matcher::<init>@83 (line 253)
  0x00000220ae673710: 6c24 91ff 

  0x00000220ae673714: ;   {other}
  0x00000220ae673714: 0f1f 8400 | 040c 0005 | 488b d8e9 | 71fa ffff 

  0x00000220ae673724: ;   {metadata({type array int})}
  0x00000220ae673724: 48ba c80d | 0400 0800 

  0x00000220ae67372c: ;   {runtime_call _new_array_Java}
  0x00000220ae67372c: 0000 90e8 

  0x00000220ae673730: ; ImmutableOopMap {rbp=Oop [32]=Oop }
                      ;*newarray {reexecute=0 rethrow=0 return_oop=1}
                      ; - java.util.regex.Matcher::<init>@63 (line 251)
  0x00000220ae673730: 4c24 91ff 

  0x00000220ae673734: ;   {other}
  0x00000220ae673734: 0f1f 8400 | 240c 0006 | 488b d8e9 | e1f7 ffff | 4d63 d0e9 | 6ef9 ffff | 4d63 d0e9 | f6f6 ffff 
  0x00000220ae673754: 4d63 d0e9 | 26f8 ffff | ba76 ffff | ff48 8b6c | 2420 894c 

  0x00000220ae673768: ;   {runtime_call UncommonTrapBlob}
  0x00000220ae673768: 2420 90e8 

  0x00000220ae67376c: ; ImmutableOopMap {rbp=Oop }
                      ;*if_icmpge {reexecute=1 rethrow=0 return_oop=0}
                      ; - (reexecute) java.util.regex.Matcher::reset@23 (line 451)
                      ; - java.util.regex.Matcher::<init>@90 (line 256)
  0x00000220ae67376c: 100c 85ff 

  0x00000220ae673770: ;   {other}
  0x00000220ae673770: 0f1f 8400 | 600c 0007 | 458b d3e9 | 4ffb ffff | 498b d749 | ba20 9be0 | c0fb 7f00 | 0041 ffd2 
  0x00000220ae673790: ;   {other}
  0x00000220ae673790: 0f1f 8400 | 0000 0000 | e9d3 f5ff | ff49 8bd7 | 49ba 209b | e0c0 fb7f | 0000 41ff 

  0x00000220ae6737ac: ;   {other}
  0x00000220ae6737ac: d20f 1f84 | 0000 0000 | 00e9 30f6 | ffff 498b | d749 ba20 | 9be0 c0fb | 7f00 0041 

  0x00000220ae6737c8: ;   {other}
  0x00000220ae6737c8: ffd2 0f1f | 8400 0000 | 0000 e9c9 | f9ff ff49 | 8bd7 49ba | 209b e0c0 | fb7f 0000 

  0x00000220ae6737e4: ;   {other}
  0x00000220ae6737e4: 41ff d20f | 1f84 0000 | 0000 00e9 | 3cf7 ffff | 498b d749 | ba20 9be0 | c0fb 7f00 | 0041 ffd2 
  0x00000220ae673804: ;   {other}
  0x00000220ae673804: 0f1f 8400 | 0000 0000 | e957 f8ff | ffba 76ff 

  0x00000220ae673814: ;   {runtime_call UncommonTrapBlob}
  0x00000220ae673814: ffff 90e8 

  0x00000220ae673818: ; ImmutableOopMap {[32]=Oop }
                      ;*if_icmpge {reexecute=1 rethrow=0 return_oop=0}
                      ; - (reexecute) java.util.regex.Matcher::reset@47 (line 453)
                      ; - java.util.regex.Matcher::<init>@90 (line 256)
  0x00000220ae673818: 640b 85ff 

  0x00000220ae67381c: ;   {other}
  0x00000220ae67381c: 0f1f 8400 | 0c0d 0008 | bac6 ffff 

  0x00000220ae673828: ;   {runtime_call UncommonTrapBlob}
  0x00000220ae673828: ff66 90e8 

  0x00000220ae67382c: ; ImmutableOopMap {rbp=NarrowOop [32]=Oop }
                      ;*invokeinterface length {reexecute=0 rethrow=0 return_oop=0}
                      ; - java.util.regex.Matcher::getTextLength@4 (line 1808)
                      ; - java.util.regex.Matcher::reset@110 (line 461)
                      ; - java.util.regex.Matcher::<init>@90 (line 256)
  0x00000220ae67382c: 500b 85ff 

  0x00000220ae673830: ;   {other}
  0x00000220ae673830: 0f1f 8400 | 200d 0009 | bae4 ffff | ff89 4c24 

  0x00000220ae673840: ;   {runtime_call UncommonTrapBlob}
  0x00000220ae673840: 2866 90e8 

  0x00000220ae673844: ; ImmutableOopMap {[32]=Oop [40]=NarrowOop }
                      ;*aaload {reexecute=0 rethrow=0 return_oop=0}
                      ; - java.util.regex.Matcher::reset@79 (line 456)
                      ; - java.util.regex.Matcher::<init>@90 (line 256)
  0x00000220ae673844: 380b 85ff 

  0x00000220ae673848: ;   {other}
  0x00000220ae673848: 0f1f 8400 | 380d 000a | baf6 ffff 

  0x00000220ae673854: ;   {runtime_call UncommonTrapBlob}
  0x00000220ae673854: ff66 90e8 

  0x00000220ae673858: ; ImmutableOopMap {}
                      ;*getfield capturingGroupCount {reexecute=1 rethrow=0 return_oop=0}
                      ; - (reexecute) java.util.regex.Matcher::<init>@50 (line 250)
  0x00000220ae673858: 240b 85ff 

  0x00000220ae67385c: ;   {other}
  0x00000220ae67385c: 0f1f 8400 | 4c0d 000b | baf6 ffff 

  0x00000220ae673868: ;   {runtime_call UncommonTrapBlob}
  0x00000220ae673868: ff66 90e8 

  0x00000220ae67386c: ; ImmutableOopMap {}
                      ;*arraylength {reexecute=0 rethrow=0 return_oop=0}
                      ; - java.util.regex.Matcher::reset@22 (line 451)
                      ; - java.util.regex.Matcher::<init>@90 (line 256)
  0x00000220ae67386c: 100b 85ff 

  0x00000220ae673870: ;   {other}
  0x00000220ae673870: 0f1f 8400 | 600d 000c | baf6 ffff 

  0x00000220ae67387c: ;   {runtime_call UncommonTrapBlob}
  0x00000220ae67387c: ff66 90e8 

  0x00000220ae673880: ; ImmutableOopMap {}
                      ;*arraylength {reexecute=0 rethrow=0 return_oop=0}
                      ; - java.util.regex.Matcher::reset@46 (line 453)
                      ; - java.util.regex.Matcher::<init>@90 (line 256)
  0x00000220ae673880: fc0a 85ff 

  0x00000220ae673884: ;   {other}
  0x00000220ae673884: 0f1f 8400 | 740d 000d | baf6 ffff 

  0x00000220ae673890: ;   {runtime_call UncommonTrapBlob}
  0x00000220ae673890: ff66 90e8 

  0x00000220ae673894: ; ImmutableOopMap {}
                      ;*arraylength {reexecute=0 rethrow=0 return_oop=0}
                      ; - java.util.regex.Matcher::reset@70 (line 455)
                      ; - java.util.regex.Matcher::<init>@90 (line 256)
  0x00000220ae673894: e80a 85ff 

  0x00000220ae673898: ;   {other}
  0x00000220ae673898: 0f1f 8400 | 880d 000e | baf6 ffff 

  0x00000220ae6738a4: ;   {runtime_call UncommonTrapBlob}
  0x00000220ae6738a4: ff66 90e8 

  0x00000220ae6738a8: ; ImmutableOopMap {}
                      ;*invokeinterface length {reexecute=0 rethrow=0 return_oop=0}
                      ; - java.util.regex.Matcher::getTextLength@4 (line 1808)
                      ; - java.util.regex.Matcher::reset@110 (line 461)
                      ; - java.util.regex.Matcher::<init>@90 (line 256)
  0x00000220ae6738a8: d40a 85ff 

  0x00000220ae6738ac: ;   {other}
  0x00000220ae6738ac: 0f1f 8400 | 9c0d 000f | baf6 ffff 

  0x00000220ae6738b8: ;   {runtime_call UncommonTrapBlob}
  0x00000220ae6738b8: ff66 90e8 

  0x00000220ae6738bc: ; ImmutableOopMap {}
                      ;*arraylength {reexecute=0 rethrow=0 return_oop=0}
                      ; - java.lang.String::length@4 (line 1519)
                      ; - java.util.regex.Matcher::getTextLength@4 (line 1808)
                      ; - java.util.regex.Matcher::reset@110 (line 461)
                      ; - java.util.regex.Matcher::<init>@90 (line 256)
  0x00000220ae6738bc: c00a 85ff 

  0x00000220ae6738c0: ;   {other}
  0x00000220ae6738c0: 0f1f 8400 | b00d 0010 | 488b d0eb | 0d48 8bd0 | eb08 488b | d0eb 0348 | 8bd0 4883 

  0x00000220ae6738dc: ;   {runtime_call _rethrow_Java}
  0x00000220ae6738dc: c440 5de9 | 1c2e 91ff | baf6 ffff 

  0x00000220ae6738e8: ;   {runtime_call UncommonTrapBlob}
  0x00000220ae6738e8: ff66 90e8 

  0x00000220ae6738ec: ; ImmutableOopMap {}
                      ;*aaload {reexecute=0 rethrow=0 return_oop=0}
                      ; - java.util.regex.Matcher::reset@79 (line 456)
                      ; - java.util.regex.Matcher::<init>@90 (line 256)
  0x00000220ae6738ec: 900a 85ff 

  0x00000220ae6738f0: ;   {other}
  0x00000220ae6738f0: 0f1f 8400 | e00d 0011 | baf6 ffff 

  0x00000220ae6738fc: ;   {runtime_call UncommonTrapBlob}
  0x00000220ae6738fc: ff66 90e8 

  0x00000220ae673900: ; ImmutableOopMap {}
                      ;*arraylength {reexecute=0 rethrow=0 return_oop=0}
                      ; - java.util.regex.Matcher::reset@70 (line 455)
                      ; - java.util.regex.Matcher::<init>@90 (line 256)
  0x00000220ae673900: 7c0a 85ff 

  0x00000220ae673904: ;   {other}
  0x00000220ae673904: 0f1f 8400 | f40d 0012 

  0x00000220ae67390c: ;   {internal_word}
  0x00000220ae67390c: 49ba c433 | 67ae 2002 | 0000 4d89 | 9760 0400 

  0x00000220ae67391c: ;   {runtime_call SafepointBlob}
  0x00000220ae67391c: 00e9 5e1b 

  0x00000220ae673920: ;   {runtime_call StubRoutines (final stubs)}
  0x00000220ae673920: 85ff e8b9 | 2b83 ffe9 | 2ef4 ffff | f4f4 f4f4 
[Stub Code]
  0x00000220ae673930: ;   {no_reloc}
  0x00000220ae673930: 48bb 0000 | 0000 0000 

  0x00000220ae673938: ;   {runtime_call nmethod}
  0x00000220ae673938: 0000 e9fb 

  0x00000220ae67393c: ;   {runtime_call ExceptionBlob}
  0x00000220ae67393c: ffff ffe9 | 3cde 90ff 
[Deopt Handler Code]
  0x00000220ae673944: e800 0000 | 0048 832c 

  0x00000220ae67394c: ;   {runtime_call DeoptimizationBlob}
  0x00000220ae67394c: 2405 e9cd | 0d85 fff4 | f4f4 f4f4 
[/MachCode]


---------------  P R O C E S S  ---------------

Threads class SMR info:
_java_thread_list=0x00000220c6d6aef0, length=33, elements={
0x00000220c0082160, 0x00000220c00fdaf0, 0x00000220c0100f30, 0x00000220c0106670,
0x00000220c01091c0, 0x00000220c0130380, 0x00000220c0144d50, 0x00000220c014f8f0,
0x00000220c0130a50, 0x00000220c0131120, 0x00000220c0132590, 0x00000220c0132c60,
0x00000220c012f5e0, 0x00000220c63e5430, 0x00000220c63e3fc0, 0x00000220c63e38f0,
0x00000220c90f9550, 0x00000220c90f7340, 0x00000220c90f7a10, 0x00000220c90f87b0,
0x00000220c90f5ed0, 0x00000220c90f8e80, 0x00000220c90fa9c0, 0x00000220c90fcbd0,
0x00000220c90fd2a0, 0x00000220c90fb090, 0x00000220c90fbe30, 0x00000220c63e7640,
0x00000220c63e9180, 0x00000220d4230bf0, 0x00000220c9b4bc70, 0x00000220cbdcfa80,
0x00000220c9b4c340
}

Java Threads: ( => current thread )
  0x00000220c0082160 JavaThread "Reference Handler"          daemon [_thread_blocked, id=25080, stack(0x0000003350300000,0x0000003350400000) (1024K)]
  0x00000220c00fdaf0 JavaThread "Finalizer"                  daemon [_thread_blocked, id=35632, stack(0x0000003350400000,0x0000003350500000) (1024K)]
  0x00000220c0100f30 JavaThread "Signal Dispatcher"          daemon [_thread_blocked, id=36284, stack(0x0000003350500000,0x0000003350600000) (1024K)]
  0x00000220c0106670 JavaThread "Attach Listener"            daemon [_thread_blocked, id=22096, stack(0x0000003350600000,0x0000003350700000) (1024K)]
  0x00000220c01091c0 JavaThread "Service Thread"             daemon [_thread_blocked, id=27100, stack(0x0000003350700000,0x0000003350800000) (1024K)]
  0x00000220c0130380 JavaThread "Monitor Deflation Thread"   daemon [_thread_blocked, id=12292, stack(0x0000003350800000,0x0000003350900000) (1024K)]
  0x00000220c0144d50 JavaThread "C2 CompilerThread0"         daemon [_thread_blocked, id=29804, stack(0x0000003350900000,0x0000003350a00000) (1024K)]
  0x00000220c014f8f0 JavaThread "C1 CompilerThread0"         daemon [_thread_blocked, id=36480, stack(0x0000003350a00000,0x0000003350b00000) (1024K)]
  0x00000220c0130a50 JavaThread "Notification Thread"        daemon [_thread_blocked, id=22192, stack(0x0000003350c00000,0x0000003350d00000) (1024K)]
  0x00000220c0131120 JavaThread "Common-Cleaner"             daemon [_thread_blocked, id=8016, stack(0x0000003350d00000,0x0000003350e00000) (1024K)]
  0x00000220c0132590 JavaThread "Java2D Disposer"            daemon [_thread_blocked, id=25960, stack(0x0000003352400000,0x0000003352500000) (1024K)]
  0x00000220c0132c60 JavaThread "AWT-Shutdown"                      [_thread_blocked, id=30516, stack(0x0000003352500000,0x0000003352600000) (1024K)]
  0x00000220c012f5e0 JavaThread "AWT-Windows"                daemon [_thread_in_native, id=26312, stack(0x0000003352600000,0x0000003352700000) (1024K)]
=>0x00000220c63e5430 JavaThread "AWT-EventQueue-0"                  [_thread_in_Java, id=32932, stack(0x0000003352700000,0x0000003352800000) (1024K)]
  0x00000220c63e3fc0 JavaThread "DestroyJavaVM"                     [_thread_blocked, id=11420, stack(0x000000334fb00000,0x000000334fc00000) (1024K)]
  0x00000220c63e38f0 JavaThread "TimerQueue"                 daemon [_thread_blocked, id=28744, stack(0x0000003353400000,0x0000003353500000) (1024K)]
  0x00000220c90f9550 JavaThread "IPC Server Thread"          daemon [_thread_in_native, id=2988, stack(0x0000003353d00000,0x0000003353e00000) (1024K)]
  0x00000220c90f7340 JavaThread "Chromium Process Thread"           [_thread_in_native, id=28160, stack(0x0000003353f00000,0x0000003354000000) (1024K)]
  0x00000220c90f7a10 JavaThread "Chromium Process Logger"    daemon [_thread_in_native, id=35804, stack(0x0000003354000000,0x0000003354100000) (1024K)]
  0x00000220c90f87b0 JavaThread "IPC Memory Reader Thread"          [_thread_in_native, id=22720, stack(0x0000003354100000,0x0000003354200000) (1024K)]
  0x00000220c90f5ed0 JavaThread "Browser Thread: 152f603c-854b-4b13-a773-e095eb3c2984" daemon [_thread_blocked, id=34980, stack(0x0000003354200000,0x0000003354300000) (1024K)]
  0x00000220c90f8e80 JavaThread "Socket Connection Checker: 152f603c-854b-4b13-a773-e095eb3c2984"        [_thread_in_native, id=11304, stack(0x0000003354300000,0x0000003354400000) (1024K)]
  0x00000220c90fa9c0 JavaThread "Network Thread: b22793dc-cc84-4fb5-b8bc-62b30c474abd" daemon [_thread_blocked, id=18616, stack(0x0000003354600000,0x0000003354700000) (1024K)]
  0x00000220c90fcbd0 JavaThread "IPC Memory Reader Thread"          [_thread_in_native, id=9556, stack(0x0000003354500000,0x0000003354600000) (1024K)]
  0x00000220c90fd2a0 JavaThread "Socket Connection Checker: b22793dc-cc84-4fb5-b8bc-62b30c474abd"        [_thread_in_native, id=7492, stack(0x0000003354700000,0x0000003354800000) (1024K)]
  0x00000220c90fb090 JavaThread "GPU Thread: 7b6be429-f2db-49f1-b9f1-0abb6bda7a94" daemon [_thread_blocked, id=33660, stack(0x0000003354900000,0x0000003354a00000) (1024K)]
  0x00000220c90fbe30 JavaThread "IPC Memory Reader Thread"          [_thread_in_native, id=25856, stack(0x0000003354800000,0x0000003354900000) (1024K)]
  0x00000220c63e7640 JavaThread "Socket Connection Checker: 7b6be429-f2db-49f1-b9f1-0abb6bda7a94"        [_thread_in_native, id=20244, stack(0x0000003354b00000,0x0000003354c00000) (1024K)]
  0x00000220c63e9180 JavaThread "SwingWorker-pool-4-thread-1" daemon [_thread_blocked, id=27144, stack(0x0000003353900000,0x0000003353a00000) (1024K)]
  0x00000220d4230bf0 JavaThread "SwingWorker-pool-4-thread-2" daemon [_thread_blocked, id=28656, stack(0x0000003350e00000,0x0000003350f00000) (1024K)]
  0x00000220c9b4bc70 JavaThread "Render Thread: d60b29c9-caba-4387-a611-a77e9d32aa4a" daemon [_thread_blocked, id=32764, stack(0x0000003351000000,0x0000003351100000) (1024K)]
  0x00000220cbdcfa80 JavaThread "IPC Memory Reader Thread"          [_thread_in_native, id=27496, stack(0x0000003350f00000,0x0000003351000000) (1024K)]
  0x00000220c9b4c340 JavaThread "Socket Connection Checker: d60b29c9-caba-4387-a611-a77e9d32aa4a"        [_thread_in_native, id=31480, stack(0x0000003351100000,0x0000003351200000) (1024K)]
Total: 33

Other Threads:
  0x00000220bfffb2d0 VMThread "VM Thread"                           [id=17232, stack(0x0000003350200000,0x0000003350300000) (1024K)]
  0x00000220bffdc9f0 WatcherThread "VM Periodic Task Thread"        [id=25588, stack(0x0000003350100000,0x0000003350200000) (1024K)]
  0x00000220bc4b0810 WorkerThread "GC Thread#0"                     [id=22916, stack(0x000000334fc00000,0x000000334fd00000) (1024K)]
  0x00000220c5970f60 WorkerThread "GC Thread#1"                     [id=28668, stack(0x0000003351500000,0x0000003351600000) (1024K)]
  0x00000220c5aa9ae0 WorkerThread "GC Thread#2"                     [id=27844, stack(0x0000003351600000,0x0000003351700000) (1024K)]
  0x00000220c5a87ca0 WorkerThread "GC Thread#3"                     [id=4024, stack(0x0000003351700000,0x0000003351800000) (1024K)]
  0x00000220c5a3e9a0 WorkerThread "GC Thread#4"                     [id=18988, stack(0x0000003351800000,0x0000003351900000) (1024K)]
  0x00000220c5a3e1e0 WorkerThread "GC Thread#5"                     [id=3608, stack(0x0000003351900000,0x0000003351a00000) (1024K)]
  0x00000220c5a3d640 WorkerThread "GC Thread#6"                     [id=36312, stack(0x0000003351a00000,0x0000003351b00000) (1024K)]
  0x00000220c5a3de00 WorkerThread "GC Thread#7"                     [id=22628, stack(0x0000003351b00000,0x0000003351c00000) (1024K)]
  0x00000220c5a3d260 WorkerThread "GC Thread#8"                     [id=32192, stack(0x0000003351c00000,0x0000003351d00000) (1024K)]
  0x00000220c61bd6f0 WorkerThread "GC Thread#9"                     [id=17100, stack(0x0000003351d00000,0x0000003351e00000) (1024K)]
  0x00000220c61bd310 WorkerThread "GC Thread#10"                    [id=29476, stack(0x0000003351e00000,0x0000003351f00000) (1024K)]
  0x00000220c512f980 WorkerThread "GC Thread#11"                    [id=33432, stack(0x0000003352a00000,0x0000003352b00000) (1024K)]
  0x00000220c51314a0 WorkerThread "GC Thread#12"                    [id=29548, stack(0x0000003352b00000,0x0000003352c00000) (1024K)]
  0x00000220c5130140 WorkerThread "GC Thread#13"                    [id=25452, stack(0x0000003352c00000,0x0000003352d00000) (1024K)]
  0x00000220c51333a0 WorkerThread "GC Thread#14"                    [id=28016, stack(0x0000003352d00000,0x0000003352e00000) (1024K)]
  0x00000220c512fd60 WorkerThread "GC Thread#15"                    [id=16852, stack(0x0000003352e00000,0x0000003352f00000) (1024K)]
  0x00000220c5131c60 WorkerThread "GC Thread#16"                    [id=4132, stack(0x0000003352f00000,0x0000003353000000) (1024K)]
  0x00000220c5130520 WorkerThread "GC Thread#17"                    [id=3764, stack(0x0000003353000000,0x0000003353100000) (1024K)]
  0x00000220c5130900 WorkerThread "GC Thread#18"                    [id=11484, stack(0x0000003353100000,0x0000003353200000) (1024K)]
  0x00000220c5132040 WorkerThread "GC Thread#19"                    [id=664, stack(0x0000003353200000,0x0000003353300000) (1024K)]
  0x00000220c5130ce0 WorkerThread "GC Thread#20"                    [id=5636, stack(0x0000003353300000,0x0000003353400000) (1024K)]
  0x00000220c5132be0 WorkerThread "GC Thread#21"                    [id=31444, stack(0x0000003353500000,0x0000003353600000) (1024K)]
  0x00000220c61bc770 WorkerThread "GC Thread#22"                    [id=21864, stack(0x0000003353800000,0x0000003353900000) (1024K)]
  0x000002209c24e6d0 ConcurrentGCThread "G1 Main Marker"            [id=25896, stack(0x000000334fd00000,0x000000334fe00000) (1024K)]
  0x00000220bc4ba9a0 WorkerThread "G1 Conc#0"                       [id=31056, stack(0x000000334fe00000,0x000000334ff00000) (1024K)]
  0x00000220c61bc390 WorkerThread "G1 Conc#1"                       [id=14572, stack(0x0000003351f00000,0x0000003352000000) (1024K)]
  0x00000220c61bdad0 WorkerThread "G1 Conc#2"                       [id=28612, stack(0x0000003352000000,0x0000003352100000) (1024K)]
  0x00000220c61bdeb0 WorkerThread "G1 Conc#3"                       [id=9460, stack(0x0000003352100000,0x0000003352200000) (1024K)]
  0x00000220c61be290 WorkerThread "G1 Conc#4"                       [id=29428, stack(0x0000003352200000,0x0000003352300000) (1024K)]
  0x00000220c61bbfb0 WorkerThread "G1 Conc#5"                       [id=19032, stack(0x0000003352300000,0x0000003352400000) (1024K)]
  0x00000220bc5ef450 ConcurrentGCThread "G1 Refine#0"               [id=33172, stack(0x000000334ff00000,0x0000003350000000) (1024K)]
  0x00000220bc5f00e0 ConcurrentGCThread "G1 Service"                [id=27204, stack(0x0000003350000000,0x0000003350100000) (1024K)]
Total: 34

Threads with active compile tasks:
Total: 0

VM state: not at safepoint (normal execution)

VM Mutex/Monitor currently owned by a thread: None

Heap address: 0x0000000704800000, size: 4024 MB, Compressed Oops mode: Zero based, Oop shift amount: 3

CDS archive(s) not mapped
Compressed class space mapped at: 0x0000000800000000-0x0000000840000000, reserved size: 1073741824
Narrow klass base: 0x0000000800000000, Narrow klass shift: 0, Narrow klass range: 0x40000000

GC Precious Log:
 CardTable entry size: 512
 Card Set container configuration: InlinePtr #cards 4 size 8 Array Of Cards #cards 16 size 48 Howl #buckets 8 coarsen threshold 3686 Howl Bitmap #cards 512 size 80 coarsen threshold 460 Card regions per heap region 1 cards per card region 4096
 CPUs: 32 total, 32 available
 Memory: 16088M
 Large Page Support: Disabled
 NUMA Support: Disabled
 Compressed Oops: Enabled (Zero based)
 Heap Region Size: 2M
 Heap Min Capacity: 8M
 Heap Initial Capacity: 252M
 Heap Max Capacity: 4024M
 Pre-touch: Disabled
 Parallel Workers: 23
 Concurrent Workers: 6
 Concurrent Refinement Workers: 23
 Periodic GC: Disabled

Heap:
 garbage-first heap   total 724992K, used 507471K [0x0000000704800000, 0x0000000800000000)
  region size 2048K, 98 young (200704K), 1 survivors (2048K)
 Metaspace       used 114001K, committed 115520K, reserved 1179648K
  class space    used 12530K, committed 13184K, reserved 1048576K

Heap Regions: E=young(eden), S=young(survivor), O=old, HS=humongous(starts), HC=humongous(continues), CS=collection set, F=free, TAMS=top-at-mark-start, PB=parsable bottom
|   0|0x0000000704800000, 0x0000000704a00000, 0x0000000704a00000|100%|HS|  |TAMS 0x0000000704800000| PB 0x0000000704800000| Complete 
|   1|0x0000000704a00000, 0x0000000704c00000, 0x0000000704c00000|100%|HC|  |TAMS 0x0000000704a00000| PB 0x0000000704a00000| Complete 
|   2|0x0000000704c00000, 0x0000000704e00000, 0x0000000704e00000|100%|HC|  |TAMS 0x0000000704c00000| PB 0x0000000704c00000| Complete 
|   3|0x0000000704e00000, 0x0000000705000000, 0x0000000705000000|100%|HC|  |TAMS 0x0000000704e00000| PB 0x0000000704e00000| Complete 
|   4|0x0000000705000000, 0x0000000705200000, 0x0000000705200000|100%| O|  |TAMS 0x0000000705000000| PB 0x0000000705000000| Untracked 
|   5|0x0000000705200000, 0x0000000705400000, 0x0000000705400000|100%| O|  |TAMS 0x0000000705200000| PB 0x0000000705200000| Untracked 
|   6|0x0000000705400000, 0x0000000705600000, 0x0000000705600000|100%| O|  |TAMS 0x0000000705400000| PB 0x0000000705400000| Untracked 
|   7|0x0000000705600000, 0x0000000705800000, 0x0000000705800000|100%| O|  |TAMS 0x0000000705600000| PB 0x0000000705600000| Untracked 
|   8|0x0000000705800000, 0x0000000705a00000, 0x0000000705a00000|100%| O|  |TAMS 0x0000000705800000| PB 0x0000000705800000| Untracked 
|   9|0x0000000705a00000, 0x0000000705c00000, 0x0000000705c00000|100%| O|  |TAMS 0x0000000705a00000| PB 0x0000000705a00000| Untracked 
|  10|0x0000000705c00000, 0x0000000705e00000, 0x0000000705e00000|100%| O|  |TAMS 0x0000000705c00000| PB 0x0000000705c00000| Untracked 
|  11|0x0000000705e00000, 0x0000000706000000, 0x0000000706000000|100%| O|  |TAMS 0x0000000705e00000| PB 0x0000000705e00000| Untracked 
|  12|0x0000000706000000, 0x0000000706200000, 0x0000000706200000|100%| O|  |TAMS 0x0000000706000000| PB 0x0000000706000000| Untracked 
|  13|0x0000000706200000, 0x0000000706400000, 0x0000000706400000|100%| O|  |TAMS 0x0000000706200000| PB 0x0000000706200000| Untracked 
|  14|0x0000000706400000, 0x0000000706600000, 0x0000000706600000|100%| O|  |TAMS 0x0000000706400000| PB 0x0000000706400000| Untracked 
|  15|0x0000000706600000, 0x0000000706800000, 0x0000000706800000|100%| O|  |TAMS 0x0000000706600000| PB 0x0000000706600000| Untracked 
|  16|0x0000000706800000, 0x0000000706a00000, 0x0000000706a00000|100%|HS|  |TAMS 0x0000000706800000| PB 0x0000000706800000| Complete 
|  17|0x0000000706a00000, 0x0000000706c00000, 0x0000000706c00000|100%|HS|  |TAMS 0x0000000706a00000| PB 0x0000000706a00000| Complete 
|  18|0x0000000706c00000, 0x0000000706e00000, 0x0000000706e00000|100%|HS|  |TAMS 0x0000000706c00000| PB 0x0000000706c00000| Complete 
|  19|0x0000000706e00000, 0x0000000707000000, 0x0000000707000000|100%|HC|  |TAMS 0x0000000706e00000| PB 0x0000000706e00000| Complete 
|  20|0x0000000707000000, 0x0000000707200000, 0x0000000707200000|100%| O|  |TAMS 0x0000000707000000| PB 0x0000000707000000| Untracked 
|  21|0x0000000707200000, 0x0000000707400000, 0x0000000707400000|100%| O|  |TAMS 0x0000000707200000| PB 0x0000000707200000| Untracked 
|  22|0x0000000707400000, 0x0000000707600000, 0x0000000707600000|100%|HS|  |TAMS 0x0000000707400000| PB 0x0000000707400000| Complete 
|  23|0x0000000707600000, 0x0000000707800000, 0x0000000707800000|100%|HC|  |TAMS 0x0000000707600000| PB 0x0000000707600000| Complete 
|  24|0x0000000707800000, 0x0000000707a00000, 0x0000000707a00000|100%|HS|  |TAMS 0x0000000707800000| PB 0x0000000707800000| Complete 
|  25|0x0000000707a00000, 0x0000000707c00000, 0x0000000707c00000|100%|HC|  |TAMS 0x0000000707a00000| PB 0x0000000707a00000| Complete 
|  26|0x0000000707c00000, 0x0000000707e00000, 0x0000000707e00000|100%|HS|  |TAMS 0x0000000707c00000| PB 0x0000000707c00000| Complete 
|  27|0x0000000707e00000, 0x0000000708000000, 0x0000000708000000|100%|HC|  |TAMS 0x0000000707e00000| PB 0x0000000707e00000| Complete 
|  28|0x0000000708000000, 0x0000000708200000, 0x0000000708200000|100%|HS|  |TAMS 0x0000000708000000| PB 0x0000000708000000| Complete 
|  29|0x0000000708200000, 0x0000000708400000, 0x0000000708400000|100%|HC|  |TAMS 0x0000000708200000| PB 0x0000000708200000| Complete 
|  30|0x0000000708400000, 0x0000000708600000, 0x0000000708600000|100%|HS|  |TAMS 0x0000000708400000| PB 0x0000000708400000| Complete 
|  31|0x0000000708600000, 0x0000000708800000, 0x0000000708800000|100%|HC|  |TAMS 0x0000000708600000| PB 0x0000000708600000| Complete 
|  32|0x0000000708800000, 0x0000000708a00000, 0x0000000708a00000|100%|HS|  |TAMS 0x0000000708800000| PB 0x0000000708800000| Complete 
|  33|0x0000000708a00000, 0x0000000708c00000, 0x0000000708c00000|100%|HC|  |TAMS 0x0000000708a00000| PB 0x0000000708a00000| Complete 
|  34|0x0000000708c00000, 0x0000000708e00000, 0x0000000708e00000|100%|HS|  |TAMS 0x0000000708c00000| PB 0x0000000708c00000| Complete 
|  35|0x0000000708e00000, 0x0000000709000000, 0x0000000709000000|100%|HC|  |TAMS 0x0000000708e00000| PB 0x0000000708e00000| Complete 
|  36|0x0000000709000000, 0x0000000709200000, 0x0000000709200000|100%|HS|  |TAMS 0x0000000709000000| PB 0x0000000709000000| Complete 
|  37|0x0000000709200000, 0x0000000709400000, 0x0000000709400000|100%|HC|  |TAMS 0x0000000709200000| PB 0x0000000709200000| Complete 
|  38|0x0000000709400000, 0x0000000709600000, 0x0000000709600000|100%| O|  |TAMS 0x0000000709400000| PB 0x0000000709400000| Untracked 
|  39|0x0000000709600000, 0x0000000709800000, 0x0000000709800000|100%| O|  |TAMS 0x0000000709600000| PB 0x0000000709600000| Untracked 
|  40|0x0000000709800000, 0x0000000709a00000, 0x0000000709a00000|100%| O|  |TAMS 0x0000000709800000| PB 0x0000000709800000| Untracked 
|  41|0x0000000709a00000, 0x0000000709c00000, 0x0000000709c00000|100%| O|  |TAMS 0x0000000709a00000| PB 0x0000000709a00000| Untracked 
|  42|0x0000000709c00000, 0x0000000709e00000, 0x0000000709e00000|100%| O|  |TAMS 0x0000000709c00000| PB 0x0000000709c00000| Untracked 
|  43|0x0000000709e00000, 0x000000070a000000, 0x000000070a000000|100%| O|  |TAMS 0x0000000709e00000| PB 0x0000000709e00000| Untracked 
|  44|0x000000070a000000, 0x000000070a200000, 0x000000070a200000|100%| O|  |TAMS 0x000000070a000000| PB 0x000000070a000000| Untracked 
|  45|0x000000070a200000, 0x000000070a400000, 0x000000070a400000|100%| O|  |TAMS 0x000000070a200000| PB 0x000000070a200000| Untracked 
|  46|0x000000070a400000, 0x000000070a600000, 0x000000070a600000|100%|HS|  |TAMS 0x000000070a400000| PB 0x000000070a400000| Complete 
|  47|0x000000070a600000, 0x000000070a800000, 0x000000070a800000|100%|HC|  |TAMS 0x000000070a600000| PB 0x000000070a600000| Complete 
|  48|0x000000070a800000, 0x000000070aa00000, 0x000000070aa00000|100%|HS|  |TAMS 0x000000070a800000| PB 0x000000070a800000| Complete 
|  49|0x000000070aa00000, 0x000000070ac00000, 0x000000070ac00000|100%|HC|  |TAMS 0x000000070aa00000| PB 0x000000070aa00000| Complete 
|  50|0x000000070ac00000, 0x000000070ae00000, 0x000000070ae00000|100%|HC|  |TAMS 0x000000070ac00000| PB 0x000000070ac00000| Complete 
|  51|0x000000070ae00000, 0x000000070b000000, 0x000000070b000000|100%|HC|  |TAMS 0x000000070ae00000| PB 0x000000070ae00000| Complete 
|  52|0x000000070b000000, 0x000000070b200000, 0x000000070b200000|100%|HC|  |TAMS 0x000000070b000000| PB 0x000000070b000000| Complete 
|  53|0x000000070b200000, 0x000000070b400000, 0x000000070b400000|100%| O|  |TAMS 0x000000070b200000| PB 0x000000070b200000| Untracked 
|  54|0x000000070b400000, 0x000000070b600000, 0x000000070b600000|100%| O|  |TAMS 0x000000070b400000| PB 0x000000070b400000| Untracked 
|  55|0x000000070b600000, 0x000000070b800000, 0x000000070b800000|100%| O|  |TAMS 0x000000070b600000| PB 0x000000070b600000| Untracked 
|  56|0x000000070b800000, 0x000000070ba00000, 0x000000070ba00000|100%| O|  |TAMS 0x000000070b800000| PB 0x000000070b800000| Untracked 
|  57|0x000000070ba00000, 0x000000070bc00000, 0x000000070bc00000|100%| O|  |TAMS 0x000000070ba00000| PB 0x000000070ba00000| Untracked 
|  58|0x000000070bc00000, 0x000000070be00000, 0x000000070be00000|100%| O|  |TAMS 0x000000070bc00000| PB 0x000000070bc00000| Untracked 
|  59|0x000000070be00000, 0x000000070c000000, 0x000000070c000000|100%| O|  |TAMS 0x000000070be00000| PB 0x000000070be00000| Untracked 
|  60|0x000000070c000000, 0x000000070c200000, 0x000000070c200000|100%| O|  |TAMS 0x000000070c000000| PB 0x000000070c000000| Untracked 
|  61|0x000000070c200000, 0x000000070c400000, 0x000000070c400000|100%| O|  |TAMS 0x000000070c200000| PB 0x000000070c200000| Untracked 
|  62|0x000000070c400000, 0x000000070c600000, 0x000000070c600000|100%| O|  |TAMS 0x000000070c400000| PB 0x000000070c400000| Untracked 
|  63|0x000000070c600000, 0x000000070c800000, 0x000000070c800000|100%| O|  |TAMS 0x000000070c600000| PB 0x000000070c600000| Untracked 
|  64|0x000000070c800000, 0x000000070ca00000, 0x000000070ca00000|100%| O|  |TAMS 0x000000070c800000| PB 0x000000070c800000| Untracked 
|  65|0x000000070ca00000, 0x000000070cc00000, 0x000000070cc00000|100%|HS|  |TAMS 0x000000070ca00000| PB 0x000000070ca00000| Complete 
|  66|0x000000070cc00000, 0x000000070ce00000, 0x000000070ce00000|100%|HC|  |TAMS 0x000000070cc00000| PB 0x000000070cc00000| Complete 
|  67|0x000000070ce00000, 0x000000070d000000, 0x000000070d000000|100%|HC|  |TAMS 0x000000070ce00000| PB 0x000000070ce00000| Complete 
|  68|0x000000070d000000, 0x000000070d200000, 0x000000070d200000|100%|HC|  |TAMS 0x000000070d000000| PB 0x000000070d000000| Complete 
|  69|0x000000070d200000, 0x000000070d400000, 0x000000070d400000|100%|HC|  |TAMS 0x000000070d200000| PB 0x000000070d200000| Complete 
|  70|0x000000070d400000, 0x000000070d600000, 0x000000070d600000|100%|HC|  |TAMS 0x000000070d400000| PB 0x000000070d400000| Complete 
|  71|0x000000070d600000, 0x000000070d800000, 0x000000070d800000|100%|HC|  |TAMS 0x000000070d600000| PB 0x000000070d600000| Complete 
|  72|0x000000070d800000, 0x000000070da00000, 0x000000070da00000|100%|HC|  |TAMS 0x000000070d800000| PB 0x000000070d800000| Complete 
|  73|0x000000070da00000, 0x000000070dc00000, 0x000000070dc00000|100%|HC|  |TAMS 0x000000070da00000| PB 0x000000070da00000| Complete 
|  74|0x000000070dc00000, 0x000000070de00000, 0x000000070de00000|100%|HC|  |TAMS 0x000000070dc00000| PB 0x000000070dc00000| Complete 
|  75|0x000000070de00000, 0x000000070e000000, 0x000000070e000000|100%|HC|  |TAMS 0x000000070de00000| PB 0x000000070de00000| Complete 
|  76|0x000000070e000000, 0x000000070e200000, 0x000000070e200000|100%| O|  |TAMS 0x000000070e000000| PB 0x000000070e000000| Untracked 
|  77|0x000000070e200000, 0x000000070e400000, 0x000000070e400000|100%| O|  |TAMS 0x000000070e200000| PB 0x000000070e200000| Untracked 
|  78|0x000000070e400000, 0x000000070e600000, 0x000000070e600000|100%| O|  |TAMS 0x000000070e400000| PB 0x000000070e400000| Untracked 
|  79|0x000000070e600000, 0x000000070e800000, 0x000000070e800000|100%| O|  |TAMS 0x000000070e600000| PB 0x000000070e600000| Untracked 
|  80|0x000000070e800000, 0x000000070ea00000, 0x000000070ea00000|100%| O|  |TAMS 0x000000070e800000| PB 0x000000070e800000| Untracked 
|  81|0x000000070ea00000, 0x000000070ec00000, 0x000000070ec00000|100%| O|  |TAMS 0x000000070ea00000| PB 0x000000070ea00000| Untracked 
|  82|0x000000070ec00000, 0x000000070ee00000, 0x000000070ee00000|100%| O|  |TAMS 0x000000070ec00000| PB 0x000000070ec00000| Untracked 
|  83|0x000000070ee00000, 0x000000070f000000, 0x000000070f000000|100%| O|  |TAMS 0x000000070ee00000| PB 0x000000070ee00000| Untracked 
|  84|0x000000070f000000, 0x000000070f200000, 0x000000070f200000|100%| O|  |TAMS 0x000000070f000000| PB 0x000000070f000000| Untracked 
|  85|0x000000070f200000, 0x000000070f400000, 0x000000070f400000|100%| O|  |TAMS 0x000000070f200000| PB 0x000000070f200000| Untracked 
|  86|0x000000070f400000, 0x000000070f600000, 0x000000070f600000|100%| O|  |TAMS 0x000000070f400000| PB 0x000000070f400000| Untracked 
|  87|0x000000070f600000, 0x000000070f800000, 0x000000070f800000|100%| O|  |TAMS 0x000000070f600000| PB 0x000000070f600000| Untracked 
|  88|0x000000070f800000, 0x000000070fa00000, 0x000000070fa00000|100%| O|  |TAMS 0x000000070f800000| PB 0x000000070f800000| Untracked 
|  89|0x000000070fa00000, 0x000000070fc00000, 0x000000070fc00000|100%| O|  |TAMS 0x000000070fa00000| PB 0x000000070fa00000| Untracked 
|  90|0x000000070fc00000, 0x000000070fe00000, 0x000000070fe00000|100%| O|  |TAMS 0x000000070fc00000| PB 0x000000070fc00000| Untracked 
|  91|0x000000070fe00000, 0x0000000710000000, 0x0000000710000000|100%| O|  |TAMS 0x000000070fe00000| PB 0x000000070fe00000| Untracked 
|  92|0x0000000710000000, 0x0000000710200000, 0x0000000710200000|100%| O|  |TAMS 0x0000000710000000| PB 0x0000000710000000| Untracked 
|  93|0x0000000710200000, 0x0000000710400000, 0x0000000710400000|100%| O|  |TAMS 0x0000000710200000| PB 0x0000000710200000| Untracked 
|  94|0x0000000710400000, 0x0000000710600000, 0x0000000710600000|100%| O|  |TAMS 0x0000000710400000| PB 0x0000000710400000| Untracked 
|  95|0x0000000710600000, 0x0000000710800000, 0x0000000710800000|100%| O|  |TAMS 0x0000000710600000| PB 0x0000000710600000| Untracked 
|  96|0x0000000710800000, 0x0000000710a00000, 0x0000000710a00000|100%| O|  |TAMS 0x0000000710800000| PB 0x0000000710800000| Untracked 
|  97|0x0000000710a00000, 0x0000000710c00000, 0x0000000710c00000|100%| O|  |TAMS 0x0000000710a00000| PB 0x0000000710a00000| Untracked 
|  98|0x0000000710c00000, 0x0000000710e00000, 0x0000000710e00000|100%| O|  |TAMS 0x0000000710c00000| PB 0x0000000710c00000| Untracked 
|  99|0x0000000710e00000, 0x0000000710e00000, 0x0000000711000000|  0%| F|  |TAMS 0x0000000710e00000| PB 0x0000000710e00000| Untracked 
| 100|0x0000000711000000, 0x0000000711200000, 0x0000000711200000|100%| O|  |TAMS 0x0000000711000000| PB 0x0000000711000000| Untracked 
| 101|0x0000000711200000, 0x0000000711400000, 0x0000000711400000|100%| O|  |TAMS 0x0000000711200000| PB 0x0000000711200000| Untracked 
| 102|0x0000000711400000, 0x0000000711600000, 0x0000000711600000|100%| O|  |TAMS 0x0000000711400000| PB 0x0000000711400000| Untracked 
| 103|0x0000000711600000, 0x0000000711800000, 0x0000000711800000|100%| O|  |TAMS 0x0000000711600000| PB 0x0000000711600000| Untracked 
| 104|0x0000000711800000, 0x0000000711a00000, 0x0000000711a00000|100%| O|  |TAMS 0x0000000711800000| PB 0x0000000711800000| Untracked 
| 105|0x0000000711a00000, 0x0000000711c00000, 0x0000000711c00000|100%| O|  |TAMS 0x0000000711a00000| PB 0x0000000711a00000| Untracked 
| 106|0x0000000711c00000, 0x0000000711e00000, 0x0000000711e00000|100%| O|  |TAMS 0x0000000711c00000| PB 0x0000000711c00000| Untracked 
| 107|0x0000000711e00000, 0x0000000712000000, 0x0000000712000000|100%| O|  |TAMS 0x0000000711e00000| PB 0x0000000711e00000| Untracked 
| 108|0x0000000712000000, 0x0000000712200000, 0x0000000712200000|100%| O|  |TAMS 0x0000000712000000| PB 0x0000000712000000| Untracked 
| 109|0x0000000712200000, 0x0000000712400000, 0x0000000712400000|100%| O|  |TAMS 0x0000000712200000| PB 0x0000000712200000| Untracked 
| 110|0x0000000712400000, 0x0000000712600000, 0x0000000712600000|100%| O|  |TAMS 0x0000000712400000| PB 0x0000000712400000| Untracked 
| 111|0x0000000712600000, 0x0000000712800000, 0x0000000712800000|100%| O|  |TAMS 0x0000000712600000| PB 0x0000000712600000| Untracked 
| 112|0x0000000712800000, 0x0000000712a00000, 0x0000000712a00000|100%| O|  |TAMS 0x0000000712800000| PB 0x0000000712800000| Untracked 
| 113|0x0000000712a00000, 0x0000000712c00000, 0x0000000712c00000|100%| O|  |TAMS 0x0000000712a00000| PB 0x0000000712a00000| Untracked 
| 114|0x0000000712c00000, 0x0000000712e00000, 0x0000000712e00000|100%| O|  |TAMS 0x0000000712c00000| PB 0x0000000712c00000| Untracked 
| 115|0x0000000712e00000, 0x0000000713000000, 0x0000000713000000|100%| O|  |TAMS 0x0000000712e00000| PB 0x0000000712e00000| Untracked 
| 116|0x0000000713000000, 0x0000000713200000, 0x0000000713200000|100%| O|  |TAMS 0x0000000713000000| PB 0x0000000713000000| Untracked 
| 117|0x0000000713200000, 0x0000000713400000, 0x0000000713400000|100%| O|  |TAMS 0x0000000713200000| PB 0x0000000713200000| Untracked 
| 118|0x0000000713400000, 0x0000000713600000, 0x0000000713600000|100%| O|  |TAMS 0x0000000713400000| PB 0x0000000713400000| Untracked 
| 119|0x0000000713600000, 0x0000000713800000, 0x0000000713800000|100%| O|  |TAMS 0x0000000713600000| PB 0x0000000713600000| Untracked 
| 120|0x0000000713800000, 0x0000000713a00000, 0x0000000713a00000|100%| O|  |TAMS 0x0000000713800000| PB 0x0000000713800000| Untracked 
| 121|0x0000000713a00000, 0x0000000713c00000, 0x0000000713c00000|100%| O|  |TAMS 0x0000000713a00000| PB 0x0000000713a00000| Untracked 
| 122|0x0000000713c00000, 0x0000000713e00000, 0x0000000713e00000|100%| O|  |TAMS 0x0000000713c00000| PB 0x0000000713c00000| Untracked 
| 123|0x0000000713e00000, 0x0000000714000000, 0x0000000714000000|100%| O|  |TAMS 0x0000000713e00000| PB 0x0000000713e00000| Untracked 
| 124|0x0000000714000000, 0x0000000714200000, 0x0000000714200000|100%| O|  |TAMS 0x0000000714000000| PB 0x0000000714000000| Untracked 
| 125|0x0000000714200000, 0x0000000714400000, 0x0000000714400000|100%| O|  |TAMS 0x0000000714200000| PB 0x0000000714200000| Untracked 
| 126|0x0000000714400000, 0x0000000714600000, 0x0000000714600000|100%| O|  |TAMS 0x0000000714400000| PB 0x0000000714400000| Untracked 
| 127|0x0000000714600000, 0x00000007147916d0, 0x0000000714800000| 78%| O|  |TAMS 0x0000000714600000| PB 0x0000000714600000| Untracked 
| 128|0x0000000714800000, 0x0000000714800000, 0x0000000714a00000|  0%| F|  |TAMS 0x0000000714800000| PB 0x0000000714800000| Untracked 
| 129|0x0000000714a00000, 0x0000000714a00000, 0x0000000714c00000|  0%| F|  |TAMS 0x0000000714a00000| PB 0x0000000714a00000| Untracked 
| 130|0x0000000714c00000, 0x0000000714c00000, 0x0000000714e00000|  0%| F|  |TAMS 0x0000000714c00000| PB 0x0000000714c00000| Untracked 
| 131|0x0000000714e00000, 0x0000000714e00000, 0x0000000715000000|  0%| F|  |TAMS 0x0000000714e00000| PB 0x0000000714e00000| Untracked 
| 132|0x0000000715000000, 0x0000000715000000, 0x0000000715200000|  0%| F|  |TAMS 0x0000000715000000| PB 0x0000000715000000| Untracked 
| 133|0x0000000715200000, 0x0000000715400000, 0x0000000715400000|100%| O|  |TAMS 0x0000000715200000| PB 0x0000000715200000| Untracked 
| 134|0x0000000715400000, 0x0000000715600000, 0x0000000715600000|100%| O|  |TAMS 0x0000000715400000| PB 0x0000000715400000| Untracked 
| 135|0x0000000715600000, 0x0000000715800000, 0x0000000715800000|100%| O|  |TAMS 0x0000000715600000| PB 0x0000000715600000| Untracked 
| 136|0x0000000715800000, 0x0000000715800000, 0x0000000715a00000|  0%| F|  |TAMS 0x0000000715800000| PB 0x0000000715800000| Untracked 
| 137|0x0000000715a00000, 0x0000000715a00000, 0x0000000715c00000|  0%| F|  |TAMS 0x0000000715a00000| PB 0x0000000715a00000| Untracked 
| 138|0x0000000715c00000, 0x0000000715c00000, 0x0000000715e00000|  0%| F|  |TAMS 0x0000000715c00000| PB 0x0000000715c00000| Untracked 
| 139|0x0000000715e00000, 0x0000000715e00000, 0x0000000716000000|  0%| F|  |TAMS 0x0000000715e00000| PB 0x0000000715e00000| Untracked 
| 140|0x0000000716000000, 0x0000000716200000, 0x0000000716200000|100%| O|  |TAMS 0x0000000716000000| PB 0x0000000716000000| Untracked 
| 141|0x0000000716200000, 0x0000000716200000, 0x0000000716400000|  0%| F|  |TAMS 0x0000000716200000| PB 0x0000000716200000| Untracked 
| 142|0x0000000716400000, 0x0000000716600000, 0x0000000716600000|100%| O|  |TAMS 0x0000000716400000| PB 0x0000000716400000| Untracked 
| 143|0x0000000716600000, 0x0000000716800000, 0x0000000716800000|100%| O|  |TAMS 0x0000000716600000| PB 0x0000000716600000| Untracked 
| 144|0x0000000716800000, 0x0000000716a00000, 0x0000000716a00000|100%| O|  |TAMS 0x0000000716800000| PB 0x0000000716800000| Untracked 
| 145|0x0000000716a00000, 0x0000000716c00000, 0x0000000716c00000|100%| O|  |TAMS 0x0000000716a00000| PB 0x0000000716a00000| Untracked 
| 146|0x0000000716c00000, 0x0000000716e00000, 0x0000000716e00000|100%| O|  |TAMS 0x0000000716c00000| PB 0x0000000716c00000| Untracked 
| 147|0x0000000716e00000, 0x0000000717000000, 0x0000000717000000|100%| O|  |TAMS 0x0000000716e00000| PB 0x0000000716e00000| Untracked 
| 148|0x0000000717000000, 0x0000000717200000, 0x0000000717200000|100%| O|  |TAMS 0x0000000717000000| PB 0x0000000717000000| Untracked 
| 149|0x0000000717200000, 0x0000000717400000, 0x0000000717400000|100%| O|  |TAMS 0x0000000717200000| PB 0x0000000717200000| Untracked 
| 150|0x0000000717400000, 0x0000000717600000, 0x0000000717600000|100%| O|  |TAMS 0x0000000717400000| PB 0x0000000717400000| Untracked 
| 151|0x0000000717600000, 0x0000000717800000, 0x0000000717800000|100%| O|  |TAMS 0x0000000717600000| PB 0x0000000717600000| Untracked 
| 152|0x0000000717800000, 0x0000000717a00000, 0x0000000717a00000|100%| O|  |TAMS 0x0000000717800000| PB 0x0000000717800000| Untracked 
| 153|0x0000000717a00000, 0x0000000717c00000, 0x0000000717c00000|100%| O|  |TAMS 0x0000000717a00000| PB 0x0000000717a00000| Untracked 
| 154|0x0000000717c00000, 0x0000000717e00000, 0x0000000717e00000|100%| O|  |TAMS 0x0000000717c00000| PB 0x0000000717c00000| Untracked 
| 155|0x0000000717e00000, 0x0000000718000000, 0x0000000718000000|100%| O|  |TAMS 0x0000000717e00000| PB 0x0000000717e00000| Untracked 
| 156|0x0000000718000000, 0x0000000718200000, 0x0000000718200000|100%| O|  |TAMS 0x0000000718000000| PB 0x0000000718000000| Untracked 
| 157|0x0000000718200000, 0x0000000718200000, 0x0000000718400000|  0%| F|  |TAMS 0x0000000718200000| PB 0x0000000718200000| Untracked 
| 158|0x0000000718400000, 0x0000000718400000, 0x0000000718600000|  0%| F|  |TAMS 0x0000000718400000| PB 0x0000000718400000| Untracked 
| 159|0x0000000718600000, 0x0000000718600000, 0x0000000718800000|  0%| F|  |TAMS 0x0000000718600000| PB 0x0000000718600000| Untracked 
| 160|0x0000000718800000, 0x0000000718800000, 0x0000000718a00000|  0%| F|  |TAMS 0x0000000718800000| PB 0x0000000718800000| Untracked 
| 161|0x0000000718a00000, 0x0000000718a00000, 0x0000000718c00000|  0%| F|  |TAMS 0x0000000718a00000| PB 0x0000000718a00000| Untracked 
| 162|0x0000000718c00000, 0x0000000718c00000, 0x0000000718e00000|  0%| F|  |TAMS 0x0000000718c00000| PB 0x0000000718c00000| Untracked 
| 163|0x0000000718e00000, 0x0000000718e00000, 0x0000000719000000|  0%| F|  |TAMS 0x0000000718e00000| PB 0x0000000718e00000| Untracked 
| 164|0x0000000719000000, 0x0000000719000000, 0x0000000719200000|  0%| F|  |TAMS 0x0000000719000000| PB 0x0000000719000000| Untracked 
| 165|0x0000000719200000, 0x0000000719202850, 0x0000000719400000|  0%| S|CS|TAMS 0x0000000719200000| PB 0x0000000719200000| Complete 
| 166|0x0000000719400000, 0x0000000719400000, 0x0000000719600000|  0%| F|  |TAMS 0x0000000719400000| PB 0x0000000719400000| Untracked 
| 167|0x0000000719600000, 0x0000000719600000, 0x0000000719800000|  0%| F|  |TAMS 0x0000000719600000| PB 0x0000000719600000| Untracked 
| 168|0x0000000719800000, 0x0000000719800000, 0x0000000719a00000|  0%| F|  |TAMS 0x0000000719800000| PB 0x0000000719800000| Untracked 
| 169|0x0000000719a00000, 0x0000000719a00000, 0x0000000719c00000|  0%| F|  |TAMS 0x0000000719a00000| PB 0x0000000719a00000| Untracked 
| 170|0x0000000719c00000, 0x0000000719c00000, 0x0000000719e00000|  0%| F|  |TAMS 0x0000000719c00000| PB 0x0000000719c00000| Untracked 
| 171|0x0000000719e00000, 0x0000000719e00000, 0x000000071a000000|  0%| F|  |TAMS 0x0000000719e00000| PB 0x0000000719e00000| Untracked 
| 172|0x000000071a000000, 0x000000071a000000, 0x000000071a200000|  0%| F|  |TAMS 0x000000071a000000| PB 0x000000071a000000| Untracked 
| 173|0x000000071a200000, 0x000000071a200000, 0x000000071a400000|  0%| F|  |TAMS 0x000000071a200000| PB 0x000000071a200000| Untracked 
| 174|0x000000071a400000, 0x000000071a400000, 0x000000071a600000|  0%| F|  |TAMS 0x000000071a400000| PB 0x000000071a400000| Untracked 
| 175|0x000000071a600000, 0x000000071a600000, 0x000000071a800000|  0%| F|  |TAMS 0x000000071a600000| PB 0x000000071a600000| Untracked 
| 176|0x000000071a800000, 0x000000071a800000, 0x000000071aa00000|  0%| F|  |TAMS 0x000000071a800000| PB 0x000000071a800000| Untracked 
| 177|0x000000071aa00000, 0x000000071aa00000, 0x000000071ac00000|  0%| F|  |TAMS 0x000000071aa00000| PB 0x000000071aa00000| Untracked 
| 178|0x000000071ac00000, 0x000000071ac00000, 0x000000071ae00000|  0%| F|  |TAMS 0x000000071ac00000| PB 0x000000071ac00000| Untracked 
| 179|0x000000071ae00000, 0x000000071ae00000, 0x000000071b000000|  0%| F|  |TAMS 0x000000071ae00000| PB 0x000000071ae00000| Untracked 
| 180|0x000000071b000000, 0x000000071b000000, 0x000000071b200000|  0%| F|  |TAMS 0x000000071b000000| PB 0x000000071b000000| Untracked 
| 181|0x000000071b200000, 0x000000071b200000, 0x000000071b400000|  0%| F|  |TAMS 0x000000071b200000| PB 0x000000071b200000| Untracked 
| 182|0x000000071b400000, 0x000000071b400000, 0x000000071b600000|  0%| F|  |TAMS 0x000000071b400000| PB 0x000000071b400000| Untracked 
| 183|0x000000071b600000, 0x000000071b600000, 0x000000071b800000|  0%| F|  |TAMS 0x000000071b600000| PB 0x000000071b600000| Untracked 
| 184|0x000000071b800000, 0x000000071b800000, 0x000000071ba00000|  0%| F|  |TAMS 0x000000071b800000| PB 0x000000071b800000| Untracked 
| 185|0x000000071ba00000, 0x000000071ba00000, 0x000000071bc00000|  0%| F|  |TAMS 0x000000071ba00000| PB 0x000000071ba00000| Untracked 
| 186|0x000000071bc00000, 0x000000071bc00000, 0x000000071be00000|  0%| F|  |TAMS 0x000000071bc00000| PB 0x000000071bc00000| Untracked 
| 187|0x000000071be00000, 0x000000071be00000, 0x000000071c000000|  0%| F|  |TAMS 0x000000071be00000| PB 0x000000071be00000| Untracked 
| 188|0x000000071c000000, 0x000000071c000000, 0x000000071c200000|  0%| F|  |TAMS 0x000000071c000000| PB 0x000000071c000000| Untracked 
| 189|0x000000071c200000, 0x000000071c200000, 0x000000071c400000|  0%| F|  |TAMS 0x000000071c200000| PB 0x000000071c200000| Untracked 
| 190|0x000000071c400000, 0x000000071c400000, 0x000000071c600000|  0%| F|  |TAMS 0x000000071c400000| PB 0x000000071c400000| Untracked 
| 191|0x000000071c600000, 0x000000071c600000, 0x000000071c800000|  0%| F|  |TAMS 0x000000071c600000| PB 0x000000071c600000| Untracked 
| 192|0x000000071c800000, 0x000000071c800000, 0x000000071ca00000|  0%| F|  |TAMS 0x000000071c800000| PB 0x000000071c800000| Untracked 
| 193|0x000000071ca00000, 0x000000071ca00000, 0x000000071cc00000|  0%| F|  |TAMS 0x000000071ca00000| PB 0x000000071ca00000| Untracked 
| 194|0x000000071cc00000, 0x000000071cc00000, 0x000000071ce00000|  0%| F|  |TAMS 0x000000071cc00000| PB 0x000000071cc00000| Untracked 
| 195|0x000000071ce00000, 0x000000071ce00000, 0x000000071d000000|  0%| F|  |TAMS 0x000000071ce00000| PB 0x000000071ce00000| Untracked 
| 196|0x000000071d000000, 0x000000071d000000, 0x000000071d200000|  0%| F|  |TAMS 0x000000071d000000| PB 0x000000071d000000| Untracked 
| 197|0x000000071d200000, 0x000000071d200000, 0x000000071d400000|  0%| F|  |TAMS 0x000000071d200000| PB 0x000000071d200000| Untracked 
| 198|0x000000071d400000, 0x000000071d400000, 0x000000071d600000|  0%| F|  |TAMS 0x000000071d400000| PB 0x000000071d400000| Untracked 
| 199|0x000000071d600000, 0x000000071d600000, 0x000000071d800000|  0%| F|  |TAMS 0x000000071d600000| PB 0x000000071d600000| Untracked 
| 200|0x000000071d800000, 0x000000071d800000, 0x000000071da00000|  0%| F|  |TAMS 0x000000071d800000| PB 0x000000071d800000| Untracked 
| 201|0x000000071da00000, 0x000000071da00000, 0x000000071dc00000|  0%| F|  |TAMS 0x000000071da00000| PB 0x000000071da00000| Untracked 
| 202|0x000000071dc00000, 0x000000071dc00000, 0x000000071de00000|  0%| F|  |TAMS 0x000000071dc00000| PB 0x000000071dc00000| Untracked 
| 203|0x000000071de00000, 0x000000071de00000, 0x000000071e000000|  0%| F|  |TAMS 0x000000071de00000| PB 0x000000071de00000| Untracked 
| 204|0x000000071e000000, 0x000000071e000000, 0x000000071e200000|  0%| F|  |TAMS 0x000000071e000000| PB 0x000000071e000000| Untracked 
| 205|0x000000071e200000, 0x000000071e200000, 0x000000071e400000|  0%| F|  |TAMS 0x000000071e200000| PB 0x000000071e200000| Untracked 
| 206|0x000000071e400000, 0x000000071e400000, 0x000000071e600000|  0%| F|  |TAMS 0x000000071e400000| PB 0x000000071e400000| Untracked 
| 207|0x000000071e600000, 0x000000071e600000, 0x000000071e800000|  0%| F|  |TAMS 0x000000071e600000| PB 0x000000071e600000| Untracked 
| 208|0x000000071e800000, 0x000000071e800000, 0x000000071ea00000|  0%| F|  |TAMS 0x000000071e800000| PB 0x000000071e800000| Untracked 
| 209|0x000000071ea00000, 0x000000071ea00000, 0x000000071ec00000|  0%| F|  |TAMS 0x000000071ea00000| PB 0x000000071ea00000| Untracked 
| 210|0x000000071ec00000, 0x000000071ec00000, 0x000000071ee00000|  0%| F|  |TAMS 0x000000071ec00000| PB 0x000000071ec00000| Untracked 
| 211|0x000000071ee00000, 0x000000071ee00000, 0x000000071f000000|  0%| F|  |TAMS 0x000000071ee00000| PB 0x000000071ee00000| Untracked 
| 212|0x000000071f000000, 0x000000071f000000, 0x000000071f200000|  0%| F|  |TAMS 0x000000071f000000| PB 0x000000071f000000| Untracked 
| 213|0x000000071f200000, 0x000000071f200000, 0x000000071f400000|  0%| F|  |TAMS 0x000000071f200000| PB 0x000000071f200000| Untracked 
| 214|0x000000071f400000, 0x000000071f400000, 0x000000071f600000|  0%| F|  |TAMS 0x000000071f400000| PB 0x000000071f400000| Untracked 
| 215|0x000000071f600000, 0x000000071f600000, 0x000000071f800000|  0%| F|  |TAMS 0x000000071f600000| PB 0x000000071f600000| Untracked 
| 216|0x000000071f800000, 0x000000071f800000, 0x000000071fa00000|  0%| F|  |TAMS 0x000000071f800000| PB 0x000000071f800000| Untracked 
| 217|0x000000071fa00000, 0x000000071fa00000, 0x000000071fc00000|  0%| F|  |TAMS 0x000000071fa00000| PB 0x000000071fa00000| Untracked 
| 218|0x000000071fc00000, 0x000000071fc00000, 0x000000071fe00000|  0%| F|  |TAMS 0x000000071fc00000| PB 0x000000071fc00000| Untracked 
| 219|0x000000071fe00000, 0x000000071fe00000, 0x0000000720000000|  0%| F|  |TAMS 0x000000071fe00000| PB 0x000000071fe00000| Untracked 
| 220|0x0000000720000000, 0x0000000720000000, 0x0000000720200000|  0%| F|  |TAMS 0x0000000720000000| PB 0x0000000720000000| Untracked 
| 221|0x0000000720200000, 0x0000000720200000, 0x0000000720400000|  0%| F|  |TAMS 0x0000000720200000| PB 0x0000000720200000| Untracked 
| 222|0x0000000720400000, 0x0000000720400000, 0x0000000720600000|  0%| F|  |TAMS 0x0000000720400000| PB 0x0000000720400000| Untracked 
| 223|0x0000000720600000, 0x0000000720600000, 0x0000000720800000|  0%| F|  |TAMS 0x0000000720600000| PB 0x0000000720600000| Untracked 
| 224|0x0000000720800000, 0x0000000720800000, 0x0000000720a00000|  0%| F|  |TAMS 0x0000000720800000| PB 0x0000000720800000| Untracked 
| 225|0x0000000720a00000, 0x0000000720a00000, 0x0000000720c00000|  0%| F|  |TAMS 0x0000000720a00000| PB 0x0000000720a00000| Untracked 
| 226|0x0000000720c00000, 0x0000000720c00000, 0x0000000720e00000|  0%| F|  |TAMS 0x0000000720c00000| PB 0x0000000720c00000| Untracked 
| 227|0x0000000720e00000, 0x0000000720e00000, 0x0000000721000000|  0%| F|  |TAMS 0x0000000720e00000| PB 0x0000000720e00000| Untracked 
| 228|0x0000000721000000, 0x0000000721000000, 0x0000000721200000|  0%| F|  |TAMS 0x0000000721000000| PB 0x0000000721000000| Untracked 
| 229|0x0000000721200000, 0x0000000721200000, 0x0000000721400000|  0%| F|  |TAMS 0x0000000721200000| PB 0x0000000721200000| Untracked 
| 230|0x0000000721400000, 0x0000000721400000, 0x0000000721600000|  0%| F|  |TAMS 0x0000000721400000| PB 0x0000000721400000| Untracked 
| 231|0x0000000721600000, 0x0000000721600000, 0x0000000721800000|  0%| F|  |TAMS 0x0000000721600000| PB 0x0000000721600000| Untracked 
| 232|0x0000000721800000, 0x0000000721800000, 0x0000000721a00000|  0%| F|  |TAMS 0x0000000721800000| PB 0x0000000721800000| Untracked 
| 233|0x0000000721a00000, 0x0000000721a00000, 0x0000000721c00000|  0%| F|  |TAMS 0x0000000721a00000| PB 0x0000000721a00000| Untracked 
| 234|0x0000000721c00000, 0x0000000721c00000, 0x0000000721e00000|  0%| F|  |TAMS 0x0000000721c00000| PB 0x0000000721c00000| Untracked 
| 235|0x0000000721e00000, 0x0000000721e00000, 0x0000000722000000|  0%| F|  |TAMS 0x0000000721e00000| PB 0x0000000721e00000| Untracked 
| 236|0x0000000722000000, 0x0000000722000000, 0x0000000722200000|  0%| F|  |TAMS 0x0000000722000000| PB 0x0000000722000000| Untracked 
| 237|0x0000000722200000, 0x0000000722200000, 0x0000000722400000|  0%| F|  |TAMS 0x0000000722200000| PB 0x0000000722200000| Untracked 
| 238|0x0000000722400000, 0x0000000722400000, 0x0000000722600000|  0%| F|  |TAMS 0x0000000722400000| PB 0x0000000722400000| Untracked 
| 239|0x0000000722600000, 0x0000000722600000, 0x0000000722800000|  0%| F|  |TAMS 0x0000000722600000| PB 0x0000000722600000| Untracked 
| 240|0x0000000722800000, 0x0000000722800000, 0x0000000722a00000|  0%| F|  |TAMS 0x0000000722800000| PB 0x0000000722800000| Untracked 
| 241|0x0000000722a00000, 0x0000000722a00000, 0x0000000722c00000|  0%| F|  |TAMS 0x0000000722a00000| PB 0x0000000722a00000| Untracked 
| 242|0x0000000722c00000, 0x0000000722c00000, 0x0000000722e00000|  0%| F|  |TAMS 0x0000000722c00000| PB 0x0000000722c00000| Untracked 
| 243|0x0000000722e00000, 0x0000000722e00000, 0x0000000723000000|  0%| F|  |TAMS 0x0000000722e00000| PB 0x0000000722e00000| Untracked 
| 244|0x0000000723000000, 0x0000000723000000, 0x0000000723200000|  0%| F|  |TAMS 0x0000000723000000| PB 0x0000000723000000| Untracked 
| 245|0x0000000723200000, 0x0000000723200000, 0x0000000723400000|  0%| F|  |TAMS 0x0000000723200000| PB 0x0000000723200000| Untracked 
| 246|0x0000000723400000, 0x0000000723400000, 0x0000000723600000|  0%| F|  |TAMS 0x0000000723400000| PB 0x0000000723400000| Untracked 
| 247|0x0000000723600000, 0x0000000723600000, 0x0000000723800000|  0%| F|  |TAMS 0x0000000723600000| PB 0x0000000723600000| Untracked 
| 248|0x0000000723800000, 0x0000000723800000, 0x0000000723a00000|  0%| F|  |TAMS 0x0000000723800000| PB 0x0000000723800000| Untracked 
| 249|0x0000000723a00000, 0x0000000723a00000, 0x0000000723c00000|  0%| F|  |TAMS 0x0000000723a00000| PB 0x0000000723a00000| Untracked 
| 250|0x0000000723c00000, 0x0000000723c00000, 0x0000000723e00000|  0%| F|  |TAMS 0x0000000723c00000| PB 0x0000000723c00000| Untracked 
| 251|0x0000000723e00000, 0x0000000723f00000, 0x0000000724000000| 50%| E|  |TAMS 0x0000000723e00000| PB 0x0000000723e00000| Complete 
| 252|0x0000000724000000, 0x0000000724200000, 0x0000000724200000|100%| E|CS|TAMS 0x0000000724000000| PB 0x0000000724000000| Complete 
| 253|0x0000000724200000, 0x0000000724400000, 0x0000000724400000|100%| E|CS|TAMS 0x0000000724200000| PB 0x0000000724200000| Complete 
| 254|0x0000000724400000, 0x0000000724600000, 0x0000000724600000|100%| E|CS|TAMS 0x0000000724400000| PB 0x0000000724400000| Complete 
| 255|0x0000000724600000, 0x0000000724800000, 0x0000000724800000|100%| E|CS|TAMS 0x0000000724600000| PB 0x0000000724600000| Complete 
| 256|0x0000000724800000, 0x0000000724a00000, 0x0000000724a00000|100%| E|CS|TAMS 0x0000000724800000| PB 0x0000000724800000| Complete 
| 257|0x0000000724a00000, 0x0000000724c00000, 0x0000000724c00000|100%| E|CS|TAMS 0x0000000724a00000| PB 0x0000000724a00000| Complete 
| 258|0x0000000724c00000, 0x0000000724e00000, 0x0000000724e00000|100%| E|CS|TAMS 0x0000000724c00000| PB 0x0000000724c00000| Complete 
| 259|0x0000000724e00000, 0x0000000725000000, 0x0000000725000000|100%| E|CS|TAMS 0x0000000724e00000| PB 0x0000000724e00000| Complete 
| 260|0x0000000725000000, 0x0000000725200000, 0x0000000725200000|100%| E|CS|TAMS 0x0000000725000000| PB 0x0000000725000000| Complete 
| 261|0x0000000725200000, 0x0000000725400000, 0x0000000725400000|100%| E|CS|TAMS 0x0000000725200000| PB 0x0000000725200000| Complete 
| 262|0x0000000725400000, 0x0000000725600000, 0x0000000725600000|100%| E|CS|TAMS 0x0000000725400000| PB 0x0000000725400000| Complete 
| 263|0x0000000725600000, 0x0000000725800000, 0x0000000725800000|100%| E|CS|TAMS 0x0000000725600000| PB 0x0000000725600000| Complete 
| 264|0x0000000725800000, 0x0000000725a00000, 0x0000000725a00000|100%| E|CS|TAMS 0x0000000725800000| PB 0x0000000725800000| Complete 
| 265|0x0000000725a00000, 0x0000000725c00000, 0x0000000725c00000|100%| E|CS|TAMS 0x0000000725a00000| PB 0x0000000725a00000| Complete 
| 266|0x0000000725c00000, 0x0000000725e00000, 0x0000000725e00000|100%| E|CS|TAMS 0x0000000725c00000| PB 0x0000000725c00000| Complete 
| 267|0x0000000725e00000, 0x0000000726000000, 0x0000000726000000|100%| E|CS|TAMS 0x0000000725e00000| PB 0x0000000725e00000| Complete 
| 268|0x0000000726000000, 0x0000000726200000, 0x0000000726200000|100%| E|CS|TAMS 0x0000000726000000| PB 0x0000000726000000| Complete 
| 269|0x0000000726200000, 0x0000000726400000, 0x0000000726400000|100%| E|CS|TAMS 0x0000000726200000| PB 0x0000000726200000| Complete 
| 270|0x0000000726400000, 0x0000000726600000, 0x0000000726600000|100%| E|CS|TAMS 0x0000000726400000| PB 0x0000000726400000| Complete 
| 271|0x0000000726600000, 0x0000000726800000, 0x0000000726800000|100%| E|CS|TAMS 0x0000000726600000| PB 0x0000000726600000| Complete 
| 272|0x0000000726800000, 0x0000000726a00000, 0x0000000726a00000|100%| E|CS|TAMS 0x0000000726800000| PB 0x0000000726800000| Complete 
| 273|0x0000000726a00000, 0x0000000726c00000, 0x0000000726c00000|100%| E|CS|TAMS 0x0000000726a00000| PB 0x0000000726a00000| Complete 
| 274|0x0000000726c00000, 0x0000000726e00000, 0x0000000726e00000|100%| E|CS|TAMS 0x0000000726c00000| PB 0x0000000726c00000| Complete 
| 275|0x0000000726e00000, 0x0000000727000000, 0x0000000727000000|100%| E|CS|TAMS 0x0000000726e00000| PB 0x0000000726e00000| Complete 
| 276|0x0000000727000000, 0x0000000727200000, 0x0000000727200000|100%| E|CS|TAMS 0x0000000727000000| PB 0x0000000727000000| Complete 
| 277|0x0000000727200000, 0x0000000727400000, 0x0000000727400000|100%| E|CS|TAMS 0x0000000727200000| PB 0x0000000727200000| Complete 
| 278|0x0000000727400000, 0x0000000727600000, 0x0000000727600000|100%| E|CS|TAMS 0x0000000727400000| PB 0x0000000727400000| Complete 
| 279|0x0000000727600000, 0x0000000727800000, 0x0000000727800000|100%| E|CS|TAMS 0x0000000727600000| PB 0x0000000727600000| Complete 
| 280|0x0000000727800000, 0x0000000727a00000, 0x0000000727a00000|100%| E|CS|TAMS 0x0000000727800000| PB 0x0000000727800000| Complete 
| 281|0x0000000727a00000, 0x0000000727c00000, 0x0000000727c00000|100%| E|CS|TAMS 0x0000000727a00000| PB 0x0000000727a00000| Complete 
| 282|0x0000000727c00000, 0x0000000727e00000, 0x0000000727e00000|100%| E|CS|TAMS 0x0000000727c00000| PB 0x0000000727c00000| Complete 
| 283|0x0000000727e00000, 0x0000000728000000, 0x0000000728000000|100%| E|CS|TAMS 0x0000000727e00000| PB 0x0000000727e00000| Complete 
| 284|0x0000000728000000, 0x0000000728200000, 0x0000000728200000|100%| E|CS|TAMS 0x0000000728000000| PB 0x0000000728000000| Complete 
| 285|0x0000000728200000, 0x0000000728400000, 0x0000000728400000|100%| E|CS|TAMS 0x0000000728200000| PB 0x0000000728200000| Complete 
| 286|0x0000000728400000, 0x0000000728600000, 0x0000000728600000|100%| E|CS|TAMS 0x0000000728400000| PB 0x0000000728400000| Complete 
| 287|0x0000000728600000, 0x0000000728800000, 0x0000000728800000|100%| E|CS|TAMS 0x0000000728600000| PB 0x0000000728600000| Complete 
| 288|0x0000000728800000, 0x0000000728a00000, 0x0000000728a00000|100%| E|CS|TAMS 0x0000000728800000| PB 0x0000000728800000| Complete 
| 289|0x0000000728a00000, 0x0000000728c00000, 0x0000000728c00000|100%| E|CS|TAMS 0x0000000728a00000| PB 0x0000000728a00000| Complete 
| 290|0x0000000728c00000, 0x0000000728e00000, 0x0000000728e00000|100%| E|CS|TAMS 0x0000000728c00000| PB 0x0000000728c00000| Complete 
| 291|0x0000000728e00000, 0x0000000729000000, 0x0000000729000000|100%| E|CS|TAMS 0x0000000728e00000| PB 0x0000000728e00000| Complete 
| 292|0x0000000729000000, 0x0000000729200000, 0x0000000729200000|100%| E|CS|TAMS 0x0000000729000000| PB 0x0000000729000000| Complete 
| 293|0x0000000729200000, 0x0000000729400000, 0x0000000729400000|100%| E|CS|TAMS 0x0000000729200000| PB 0x0000000729200000| Complete 
| 294|0x0000000729400000, 0x0000000729600000, 0x0000000729600000|100%| E|CS|TAMS 0x0000000729400000| PB 0x0000000729400000| Complete 
| 295|0x0000000729600000, 0x0000000729800000, 0x0000000729800000|100%| E|CS|TAMS 0x0000000729600000| PB 0x0000000729600000| Complete 
| 296|0x0000000729800000, 0x0000000729a00000, 0x0000000729a00000|100%| E|CS|TAMS 0x0000000729800000| PB 0x0000000729800000| Complete 
| 297|0x0000000729a00000, 0x0000000729c00000, 0x0000000729c00000|100%| E|CS|TAMS 0x0000000729a00000| PB 0x0000000729a00000| Complete 
| 298|0x0000000729c00000, 0x0000000729e00000, 0x0000000729e00000|100%| E|CS|TAMS 0x0000000729c00000| PB 0x0000000729c00000| Complete 
| 299|0x0000000729e00000, 0x000000072a000000, 0x000000072a000000|100%| E|CS|TAMS 0x0000000729e00000| PB 0x0000000729e00000| Complete 
| 300|0x000000072a000000, 0x000000072a200000, 0x000000072a200000|100%| E|CS|TAMS 0x000000072a000000| PB 0x000000072a000000| Complete 
| 301|0x000000072a200000, 0x000000072a400000, 0x000000072a400000|100%| E|CS|TAMS 0x000000072a200000| PB 0x000000072a200000| Complete 
| 302|0x000000072a400000, 0x000000072a600000, 0x000000072a600000|100%| E|CS|TAMS 0x000000072a400000| PB 0x000000072a400000| Complete 
| 303|0x000000072a600000, 0x000000072a800000, 0x000000072a800000|100%| E|CS|TAMS 0x000000072a600000| PB 0x000000072a600000| Complete 
| 304|0x000000072a800000, 0x000000072aa00000, 0x000000072aa00000|100%| E|CS|TAMS 0x000000072a800000| PB 0x000000072a800000| Complete 
| 305|0x000000072aa00000, 0x000000072ac00000, 0x000000072ac00000|100%| E|CS|TAMS 0x000000072aa00000| PB 0x000000072aa00000| Complete 
| 306|0x000000072ac00000, 0x000000072ae00000, 0x000000072ae00000|100%| E|CS|TAMS 0x000000072ac00000| PB 0x000000072ac00000| Complete 
| 307|0x000000072ae00000, 0x000000072b000000, 0x000000072b000000|100%| E|CS|TAMS 0x000000072ae00000| PB 0x000000072ae00000| Complete 
| 308|0x000000072b000000, 0x000000072b200000, 0x000000072b200000|100%| E|CS|TAMS 0x000000072b000000| PB 0x000000072b000000| Complete 
| 309|0x000000072b200000, 0x000000072b400000, 0x000000072b400000|100%| E|CS|TAMS 0x000000072b200000| PB 0x000000072b200000| Complete 
| 310|0x000000072b400000, 0x000000072b600000, 0x000000072b600000|100%| E|CS|TAMS 0x000000072b400000| PB 0x000000072b400000| Complete 
| 311|0x000000072b600000, 0x000000072b800000, 0x000000072b800000|100%| E|CS|TAMS 0x000000072b600000| PB 0x000000072b600000| Complete 
| 312|0x000000072b800000, 0x000000072ba00000, 0x000000072ba00000|100%| E|CS|TAMS 0x000000072b800000| PB 0x000000072b800000| Complete 
| 313|0x000000072ba00000, 0x000000072bc00000, 0x000000072bc00000|100%| E|CS|TAMS 0x000000072ba00000| PB 0x000000072ba00000| Complete 
| 314|0x000000072bc00000, 0x000000072be00000, 0x000000072be00000|100%| E|CS|TAMS 0x000000072bc00000| PB 0x000000072bc00000| Complete 
| 315|0x000000072be00000, 0x000000072c000000, 0x000000072c000000|100%| E|CS|TAMS 0x000000072be00000| PB 0x000000072be00000| Complete 
| 316|0x000000072c000000, 0x000000072c200000, 0x000000072c200000|100%| E|CS|TAMS 0x000000072c000000| PB 0x000000072c000000| Complete 
| 347|0x000000072fe00000, 0x0000000730000000, 0x0000000730000000|100%| E|CS|TAMS 0x000000072fe00000| PB 0x000000072fe00000| Complete 
| 348|0x0000000730000000, 0x0000000730200000, 0x0000000730200000|100%| E|CS|TAMS 0x0000000730000000| PB 0x0000000730000000| Complete 
|1977|0x00000007fba00000, 0x00000007fbc00000, 0x00000007fbc00000|100%| E|CS|TAMS 0x00000007fba00000| PB 0x00000007fba00000| Complete 
|1978|0x00000007fbc00000, 0x00000007fbe00000, 0x00000007fbe00000|100%| E|CS|TAMS 0x00000007fbc00000| PB 0x00000007fbc00000| Complete 
|1979|0x00000007fbe00000, 0x00000007fc000000, 0x00000007fc000000|100%| E|CS|TAMS 0x00000007fbe00000| PB 0x00000007fbe00000| Complete 
|1980|0x00000007fc000000, 0x00000007fc200000, 0x00000007fc200000|100%| O|  |TAMS 0x00000007fc000000| PB 0x00000007fc000000| Untracked 
|1981|0x00000007fc200000, 0x00000007fc400000, 0x00000007fc400000|100%| O|  |TAMS 0x00000007fc200000| PB 0x00000007fc200000| Untracked 
|1982|0x00000007fc400000, 0x00000007fc600000, 0x00000007fc600000|100%| O|  |TAMS 0x00000007fc400000| PB 0x00000007fc400000| Untracked 
|1983|0x00000007fc600000, 0x00000007fc800000, 0x00000007fc800000|100%| E|CS|TAMS 0x00000007fc600000| PB 0x00000007fc600000| Complete 
|1984|0x00000007fc800000, 0x00000007fca00000, 0x00000007fca00000|100%| E|CS|TAMS 0x00000007fc800000| PB 0x00000007fc800000| Complete 
|1985|0x00000007fca00000, 0x00000007fcc00000, 0x00000007fcc00000|100%| E|CS|TAMS 0x00000007fca00000| PB 0x00000007fca00000| Complete 
|1986|0x00000007fcc00000, 0x00000007fce00000, 0x00000007fce00000|100%| E|CS|TAMS 0x00000007fcc00000| PB 0x00000007fcc00000| Complete 
|1987|0x00000007fce00000, 0x00000007fd000000, 0x00000007fd000000|100%| E|CS|TAMS 0x00000007fce00000| PB 0x00000007fce00000| Complete 
|1988|0x00000007fd000000, 0x00000007fd200000, 0x00000007fd200000|100%| E|CS|TAMS 0x00000007fd000000| PB 0x00000007fd000000| Complete 
|1989|0x00000007fd200000, 0x00000007fd400000, 0x00000007fd400000|100%| E|CS|TAMS 0x00000007fd200000| PB 0x00000007fd200000| Complete 
|1990|0x00000007fd400000, 0x00000007fd600000, 0x00000007fd600000|100%| E|CS|TAMS 0x00000007fd400000| PB 0x00000007fd400000| Complete 
|1991|0x00000007fd600000, 0x00000007fd800000, 0x00000007fd800000|100%| E|CS|TAMS 0x00000007fd600000| PB 0x00000007fd600000| Complete 
|1992|0x00000007fd800000, 0x00000007fda00000, 0x00000007fda00000|100%| E|CS|TAMS 0x00000007fd800000| PB 0x00000007fd800000| Complete 
|1993|0x00000007fda00000, 0x00000007fdc00000, 0x00000007fdc00000|100%| E|CS|TAMS 0x00000007fda00000| PB 0x00000007fda00000| Complete 
|1994|0x00000007fdc00000, 0x00000007fde00000, 0x00000007fde00000|100%| E|CS|TAMS 0x00000007fdc00000| PB 0x00000007fdc00000| Complete 
|1995|0x00000007fde00000, 0x00000007fe000000, 0x00000007fe000000|100%| E|CS|TAMS 0x00000007fde00000| PB 0x00000007fde00000| Complete 
|1996|0x00000007fe000000, 0x00000007fe200000, 0x00000007fe200000|100%| E|CS|TAMS 0x00000007fe000000| PB 0x00000007fe000000| Complete 
|1997|0x00000007fe200000, 0x00000007fe400000, 0x00000007fe400000|100%| E|CS|TAMS 0x00000007fe200000| PB 0x00000007fe200000| Complete 
|1998|0x00000007fe400000, 0x00000007fe600000, 0x00000007fe600000|100%| E|CS|TAMS 0x00000007fe400000| PB 0x00000007fe400000| Complete 
|1999|0x00000007fe600000, 0x00000007fe800000, 0x00000007fe800000|100%| E|CS|TAMS 0x00000007fe600000| PB 0x00000007fe600000| Complete 
|2000|0x00000007fe800000, 0x00000007fea00000, 0x00000007fea00000|100%| E|CS|TAMS 0x00000007fe800000| PB 0x00000007fe800000| Complete 
|2001|0x00000007fea00000, 0x00000007fec00000, 0x00000007fec00000|100%| E|CS|TAMS 0x00000007fea00000| PB 0x00000007fea00000| Complete 
|2002|0x00000007fec00000, 0x00000007fee00000, 0x00000007fee00000|100%| E|CS|TAMS 0x00000007fec00000| PB 0x00000007fec00000| Complete 
|2003|0x00000007fee00000, 0x00000007ff000000, 0x00000007ff000000|100%| E|CS|TAMS 0x00000007fee00000| PB 0x00000007fee00000| Complete 
|2004|0x00000007ff000000, 0x00000007ff200000, 0x00000007ff200000|100%| E|CS|TAMS 0x00000007ff000000| PB 0x00000007ff000000| Complete 
|2005|0x00000007ff200000, 0x00000007ff400000, 0x00000007ff400000|100%| E|CS|TAMS 0x00000007ff200000| PB 0x00000007ff200000| Complete 
|2006|0x00000007ff400000, 0x00000007ff600000, 0x00000007ff600000|100%| E|CS|TAMS 0x00000007ff400000| PB 0x00000007ff400000| Complete 
|2007|0x00000007ff600000, 0x00000007ff800000, 0x00000007ff800000|100%| E|CS|TAMS 0x00000007ff600000| PB 0x00000007ff600000| Complete 
|2008|0x00000007ff800000, 0x00000007ffa00000, 0x00000007ffa00000|100%| E|CS|TAMS 0x00000007ff800000| PB 0x00000007ff800000| Complete 
|2009|0x00000007ffa00000, 0x00000007ffc00000, 0x00000007ffc00000|100%| O|  |TAMS 0x00000007ffa00000| PB 0x00000007ffa00000| Untracked 
|2010|0x00000007ffc00000, 0x00000007ffe00000, 0x00000007ffe00000|100%| O|  |TAMS 0x00000007ffc00000| PB 0x00000007ffc00000| Untracked 
|2011|0x00000007ffe00000, 0x0000000800000000, 0x0000000800000000|100%| O|  |TAMS 0x00000007ffe00000| PB 0x00000007ffe00000| Untracked 

Card table byte_map: [0x00000220b7c90000,0x00000220b8470000] _byte_map_base: 0x00000220b446c000

Marking Bits: (CMBitMap*) 0x000002209c245fe0
 Bits: [0x00000220b8470000, 0x00000220bc350000)

Polling page: 0x000002209c250000

Metaspace:

Usage:
  Non-class:     99.09 MB used.
      Class:     12.24 MB used.
       Both:    111.33 MB used.

Virtual space:
  Non-class space:      128.00 MB reserved,      99.94 MB ( 78%) committed,  2 nodes.
      Class space:        1.00 GB reserved,      12.88 MB (  1%) committed,  1 nodes.
             Both:        1.12 GB reserved,     112.81 MB ( 10%) committed. 

Chunk freelists:
   Non-Class:  12.19 MB
       Class:  3.01 MB
        Both:  15.21 MB

MaxMetaspaceSize: unlimited
CompressedClassSpaceSize: 1.00 GB
Initial GC threshold: 21.00 MB
Current GC threshold: 188.06 MB
CDS: off
 - commit_granule_bytes: 65536.
 - commit_granule_words: 8192.
 - virtual_space_node_default_size: 8388608.
 - enlarge_chunks_in_place: 1.
 - use_allocation_guard: 0.


Internal statistics:

num_allocs_failed_limit: 9.
num_arena_births: 1558.
num_arena_deaths: 26.
num_vsnodes_births: 3.
num_vsnodes_deaths: 0.
num_space_committed: 1805.
num_space_uncommitted: 1.
num_chunks_returned_to_freelist: 94.
num_chunks_taken_from_freelist: 4989.
num_chunk_merges: 15.
num_chunk_splits: 3293.
num_chunks_enlarged: 2106.
num_inconsistent_stats: 0.

CodeHeap 'non-profiled nmethods': size=118848Kb used=6334Kb max_used=19112Kb free=112513Kb
 bounds [0x00000220ae650000, 0x00000220af900000, 0x00000220b5a60000]
CodeHeap 'profiled nmethods': size=118848Kb used=4032Kb max_used=28890Kb free=114815Kb
 bounds [0x00000220a6a60000, 0x00000220a86e0000, 0x00000220ade70000]
CodeHeap 'non-nmethods': size=8064Kb used=2037Kb max_used=4393Kb free=6026Kb
 bounds [0x00000220ade70000, 0x00000220ae2c0000, 0x00000220ae650000]
CodeCache: size=245760Kb, used=12403Kb, max_used=52395Kb, free=233354Kb
 total_blobs=4225, nmethods=3072, adapters=1052, full_count=0
Compilation: enabled, stopped_count=0, restarted_count=0

Compilation events (20 events):
Event: 690.267 Thread 0x00000220c014f8f0 33420       3       javax.swing.Timer::getAccessControlContext (22 bytes)
Event: 690.268 Thread 0x00000220c014f8f0 nmethod 33420 0x00000220a6b00990 code [0x00000220a6b00b40, 0x00000220a6b00d70]
Event: 690.268 Thread 0x00000220c014f8f0 33421       3       javax.swing.Timer$1::run (5 bytes)
Event: 690.268 Thread 0x00000220c014f8f0 nmethod 33421 0x00000220a6b9a790 code [0x00000220a6b9a940, 0x00000220a6b9ab48]
Event: 690.268 Thread 0x00000220c014f8f0 33422       3       javax.swing.Timer$1::run (12 bytes)
Event: 690.268 Thread 0x00000220c014f8f0 nmethod 33422 0x00000220a6ed0390 code [0x00000220a6ed0540, 0x00000220a6ed06f0]
Event: 693.247 Thread 0x00000220c014f8f0 33423       3       javax.swing.JScrollBar::setValue (49 bytes)
Event: 693.247 Thread 0x00000220c014f8f0 nmethod 33423 0x00000220a6ac0e10 code [0x00000220a6ac1040, 0x00000220a6ac1908]
Event: 693.289 Thread 0x00000220c0144d50 33424       4       javax.swing.JScrollBar::getValue (10 bytes)
Event: 693.289 Thread 0x00000220c0144d50 nmethod 33424 0x00000220ae656510 code [0x00000220ae6566a0, 0x00000220ae656770]
Event: 693.974 Thread 0x00000220c0144d50 33425       4       javax.swing.JList::getScrollableTracksViewportHeight (51 bytes)
Event: 693.978 Thread 0x00000220c0144d50 nmethod 33425 0x00000220ae6cdb10 code [0x00000220ae6cdd20, 0x00000220ae6ce7d0]
Event: 694.406 Thread 0x00000220c0144d50 33426   !   4       java.awt.KeyboardFocusManager::retargetFocusEvent (244 bytes)
Event: 694.409 Thread 0x00000220c0144d50 nmethod 33426 0x00000220ae73a390 code [0x00000220ae73a600, 0x00000220ae73b088]
Event: 694.609 Thread 0x00000220c014f8f0 33427       3       javax.swing.DefaultBoundedRangeModel::setValue (66 bytes)
Event: 694.610 Thread 0x00000220c014f8f0 nmethod 33427 0x00000220a6b02190 code [0x00000220a6b02360, 0x00000220a6b02638]
Event: 697.860 Thread 0x00000220c014f8f0 33428       3       javax.swing.text.FieldView::modelToView (12 bytes)
Event: 697.860 Thread 0x00000220c014f8f0 nmethod 33428 0x00000220a6f07590 code [0x00000220a6f07740, 0x00000220a6f078e0]
Event: 697.860 Thread 0x00000220c014f8f0 33429       3       javax.swing.text.PlainView::modelToView (211 bytes)
Event: 697.860 Thread 0x00000220c014f8f0 nmethod 33429 0x00000220a7d21690 code [0x00000220a7d219e0, 0x00000220a7d22ca8]

GC Heap History (20 events):
Event: 697.385 GC heap before
{Heap before GC invocations=605 (full 0):
 garbage-first heap   total 724992K, used 683599K [0x0000000704800000, 0x0000000800000000)
  region size 2048K, 183 young (374784K), 1 survivors (2048K)
 Metaspace       used 114001K, committed 115520K, reserved 1179648K
  class space    used 12530K, committed 13184K, reserved 1048576K
}
Event: 697.386 GC heap after
{Heap after GC invocations=606 (full 0):
 garbage-first heap   total 724992K, used 310865K [0x0000000704800000, 0x0000000800000000)
  region size 2048K, 1 young (2048K), 1 survivors (2048K)
 Metaspace       used 114001K, committed 115520K, reserved 1179648K
  class space    used 12530K, committed 13184K, reserved 1048576K
}
Event: 697.551 GC heap before
{Heap before GC invocations=606 (full 0):
 garbage-first heap   total 724992K, used 683601K [0x0000000704800000, 0x0000000800000000)
  region size 2048K, 183 young (374784K), 1 survivors (2048K)
 Metaspace       used 114001K, committed 115520K, reserved 1179648K
  class space    used 12530K, committed 13184K, reserved 1048576K
}
Event: 697.552 GC heap after
{Heap after GC invocations=607 (full 0):
 garbage-first heap   total 724992K, used 310863K [0x0000000704800000, 0x0000000800000000)
  region size 2048K, 1 young (2048K), 1 survivors (2048K)
 Metaspace       used 114001K, committed 115520K, reserved 1179648K
  class space    used 12530K, committed 13184K, reserved 1048576K
}
Event: 697.726 GC heap before
{Heap before GC invocations=608 (full 0):
 garbage-first heap   total 724992K, used 683599K [0x0000000704800000, 0x0000000800000000)
  region size 2048K, 183 young (374784K), 1 survivors (2048K)
 Metaspace       used 114001K, committed 115520K, reserved 1179648K
  class space    used 12530K, committed 13184K, reserved 1048576K
}
Event: 697.728 GC heap after
{Heap after GC invocations=609 (full 0):
 garbage-first heap   total 724992K, used 310863K [0x0000000704800000, 0x0000000800000000)
  region size 2048K, 1 young (2048K), 1 survivors (2048K)
 Metaspace       used 114001K, committed 115520K, reserved 1179648K
  class space    used 12530K, committed 13184K, reserved 1048576K
}
Event: 697.881 GC heap before
{Heap before GC invocations=609 (full 0):
 garbage-first heap   total 724992K, used 683599K [0x0000000704800000, 0x0000000800000000)
  region size 2048K, 183 young (374784K), 1 survivors (2048K)
 Metaspace       used 114001K, committed 115520K, reserved 1179648K
  class space    used 12530K, committed 13184K, reserved 1048576K
}
Event: 697.882 GC heap after
{Heap after GC invocations=610 (full 0):
 garbage-first heap   total 724992K, used 310861K [0x0000000704800000, 0x0000000800000000)
  region size 2048K, 1 young (2048K), 1 survivors (2048K)
 Metaspace       used 114001K, committed 115520K, reserved 1179648K
  class space    used 12530K, committed 13184K, reserved 1048576K
}
Event: 698.064 GC heap before
{Heap before GC invocations=611 (full 0):
 garbage-first heap   total 724992K, used 683597K [0x0000000704800000, 0x0000000800000000)
  region size 2048K, 183 young (374784K), 1 survivors (2048K)
 Metaspace       used 114001K, committed 115520K, reserved 1179648K
  class space    used 12530K, committed 13184K, reserved 1048576K
}
Event: 698.066 GC heap after
{Heap after GC invocations=612 (full 0):
 garbage-first heap   total 724992K, used 310863K [0x0000000704800000, 0x0000000800000000)
  region size 2048K, 1 young (2048K), 1 survivors (2048K)
 Metaspace       used 114001K, committed 115520K, reserved 1179648K
  class space    used 12530K, committed 13184K, reserved 1048576K
}
Event: 698.228 GC heap before
{Heap before GC invocations=612 (full 0):
 garbage-first heap   total 724992K, used 683599K [0x0000000704800000, 0x0000000800000000)
  region size 2048K, 183 young (374784K), 1 survivors (2048K)
 Metaspace       used 114001K, committed 115520K, reserved 1179648K
  class space    used 12530K, committed 13184K, reserved 1048576K
}
Event: 698.230 GC heap after
{Heap after GC invocations=613 (full 0):
 garbage-first heap   total 724992K, used 310867K [0x0000000704800000, 0x0000000800000000)
  region size 2048K, 1 young (2048K), 1 survivors (2048K)
 Metaspace       used 114001K, committed 115520K, reserved 1179648K
  class space    used 12530K, committed 13184K, reserved 1048576K
}
Event: 698.427 GC heap before
{Heap before GC invocations=614 (full 0):
 garbage-first heap   total 724992K, used 683603K [0x0000000704800000, 0x0000000800000000)
  region size 2048K, 183 young (374784K), 1 survivors (2048K)
 Metaspace       used 114001K, committed 115520K, reserved 1179648K
  class space    used 12530K, committed 13184K, reserved 1048576K
}
Event: 698.429 GC heap after
{Heap after GC invocations=615 (full 0):
 garbage-first heap   total 724992K, used 310865K [0x0000000704800000, 0x0000000800000000)
  region size 2048K, 1 young (2048K), 1 survivors (2048K)
 Metaspace       used 114001K, committed 115520K, reserved 1179648K
  class space    used 12530K, committed 13184K, reserved 1048576K
}
Event: 698.590 GC heap before
{Heap before GC invocations=615 (full 0):
 garbage-first heap   total 724992K, used 683601K [0x0000000704800000, 0x0000000800000000)
  region size 2048K, 183 young (374784K), 1 survivors (2048K)
 Metaspace       used 114001K, committed 115520K, reserved 1179648K
  class space    used 12530K, committed 13184K, reserved 1048576K
}
Event: 698.592 GC heap after
{Heap after GC invocations=616 (full 0):
 garbage-first heap   total 724992K, used 310861K [0x0000000704800000, 0x0000000800000000)
  region size 2048K, 1 young (2048K), 1 survivors (2048K)
 Metaspace       used 114001K, committed 115520K, reserved 1179648K
  class space    used 12530K, committed 13184K, reserved 1048576K
}
Event: 698.771 GC heap before
{Heap before GC invocations=617 (full 0):
 garbage-first heap   total 724992K, used 683597K [0x0000000704800000, 0x0000000800000000)
  region size 2048K, 183 young (374784K), 1 survivors (2048K)
 Metaspace       used 114001K, committed 115520K, reserved 1179648K
  class space    used 12530K, committed 13184K, reserved 1048576K
}
Event: 698.773 GC heap after
{Heap after GC invocations=618 (full 0):
 garbage-first heap   total 724992K, used 310861K [0x0000000704800000, 0x0000000800000000)
  region size 2048K, 1 young (2048K), 1 survivors (2048K)
 Metaspace       used 114001K, committed 115520K, reserved 1179648K
  class space    used 12530K, committed 13184K, reserved 1048576K
}
Event: 698.931 GC heap before
{Heap before GC invocations=618 (full 0):
 garbage-first heap   total 724992K, used 683597K [0x0000000704800000, 0x0000000800000000)
  region size 2048K, 183 young (374784K), 1 survivors (2048K)
 Metaspace       used 114001K, committed 115520K, reserved 1179648K
  class space    used 12530K, committed 13184K, reserved 1048576K
}
Event: 698.932 GC heap after
{Heap after GC invocations=619 (full 0):
 garbage-first heap   total 724992K, used 310863K [0x0000000704800000, 0x0000000800000000)
  region size 2048K, 1 young (2048K), 1 survivors (2048K)
 Metaspace       used 114001K, committed 115520K, reserved 1179648K
  class space    used 12530K, committed 13184K, reserved 1048576K
}

Dll operation events (20 events):
Event: 0.006 Loaded shared library E:\STM32CubeMX\jre\bin\java.dll
Event: 0.040 Loaded shared library E:\STM32CubeMX\jre\bin\jsvml.dll
Event: 0.070 Loaded shared library E:\STM32CubeMX\jre\bin\net.dll
Event: 0.071 Loaded shared library E:\STM32CubeMX\jre\bin\nio.dll
Event: 0.086 Loaded shared library E:\STM32CubeMX\jre\bin\zip.dll
Event: 0.105 Loaded shared library E:\STM32CubeMX\jre\bin\jimage.dll
Event: 0.210 Loaded shared library E:\STM32CubeMX\jre\bin\management.dll
Event: 0.213 Loaded shared library E:\STM32CubeMX\jre\bin\management_ext.dll
Event: 0.519 Loaded shared library E:\STM32CubeMX\jre\bin\awt.dll
Event: 0.689 Loaded shared library E:\STM32CubeMX\jre\bin\freetype.dll
Event: 0.690 Loaded shared library E:\STM32CubeMX\jre\bin\fontmanager.dll
Event: 0.793 Loaded shared library E:\STM32CubeMX\jre\bin\verify.dll
Event: 0.878 Loaded shared library E:\STM32CubeMX\jre\bin\prefs.dll
Event: 0.944 Loaded shared library C:\Users\25697\AppData\Local\Temp\jna-47808689\jna9672991293789569239.dll
Event: 3.027 Loaded shared library E:\STM32CubeMX\jre\bin\sunmscapi.dll
Event: 3.370 Loaded shared library E:\STM32CubeMX\jre\bin\extnet.dll
Event: 3.703 Loaded shared library E:\STM32CubeMX\jre\bin\javajpeg.dll
Event: 4.502 Loaded shared library C:\Users\25697\.stm32cubemx\.jxbrowser-8.15.0\Chromium\toolkit64.dll
Event: 4.646 Loaded shared library C:\Users\25697\.stm32cubemx\.jxbrowser-8.15.0\Chromium\ipc64.dll
Event: 10.994 Loaded shared library C:\Users\25697\AppData\Local\Temp\sqlite-3.49.1.0-5b106b37-460a-4081-a239-fd9c16c71b07-sqlitejdbc.dll

Deoptimization events (20 events):
Event: 685.367 Thread 0x00000220c63e5430 Uncommon trap: trap_request=0xffffff45 fr.pc=0x00000220aeacbd50 relative=0x0000000000000590
Event: 685.367 Thread 0x00000220c63e5430 Uncommon trap: reason=unstable_if action=reinterpret pc=0x00000220aeacbd50 method=javax.swing.DefaultListCellRenderer.firePropertyChange(Ljava/lang/String;Ljava/lang/Object;Ljava/lang/Object;)V @ 38 c2
Event: 685.367 Thread 0x00000220c63e5430 DEOPT PACKING pc=0x00000220aeacbd50 sp=0x00000033527fe8f0
Event: 685.367 Thread 0x00000220c63e5430 DEOPT UNPACKING pc=0x00000220adec4422 sp=0x00000033527fe8b0 mode 2
Event: 685.438 Thread 0x00000220c63e5430 DEOPT PACKING pc=0x00000220a7c3445d sp=0x00000033527fd900
Event: 685.438 Thread 0x00000220c63e5430 DEOPT UNPACKING pc=0x00000220adec4bc2 sp=0x00000033527fcde0 mode 0
Event: 685.468 Thread 0x00000220c63e5430 DEOPT PACKING pc=0x00000220a7c2a216 sp=0x00000033527fded0
Event: 685.468 Thread 0x00000220c63e5430 DEOPT UNPACKING pc=0x00000220adec4bc2 sp=0x00000033527fd3a0 mode 0
Event: 685.532 Thread 0x00000220c63e5430 Uncommon trap: trap_request=0xffffff45 fr.pc=0x00000220af31ad54 relative=0x0000000000000894
Event: 685.532 Thread 0x00000220c63e5430 Uncommon trap: reason=unstable_if action=reinterpret pc=0x00000220af31ad54 method=javax.swing.plaf.basic.BasicListUI.convertLocationToRow(IIZ)I @ 134 c2
Event: 685.532 Thread 0x00000220c63e5430 DEOPT PACKING pc=0x00000220af31ad54 sp=0x00000033527fead0
Event: 685.532 Thread 0x00000220c63e5430 DEOPT UNPACKING pc=0x00000220adec4422 sp=0x00000033527fe9f0 mode 2
Event: 685.539 Thread 0x00000220c63e5430 Uncommon trap: trap_request=0xffffff45 fr.pc=0x00000220ae7fea24 relative=0x0000000000001184
Event: 685.539 Thread 0x00000220c63e5430 Uncommon trap: reason=unstable_if action=reinterpret pc=0x00000220ae7fea24 method=javax.swing.DefaultListCellRenderer.getListCellRendererComponent(Ljavax/swing/JList;Ljava/lang/Object;IZZ)Ljava/awt/Component; @ 71 c2
Event: 685.539 Thread 0x00000220c63e5430 DEOPT PACKING pc=0x00000220ae7fea24 sp=0x00000033527fe660
Event: 685.539 Thread 0x00000220c63e5430 DEOPT UNPACKING pc=0x00000220adec4422 sp=0x00000033527fe650 mode 2
Event: 686.153 Thread 0x00000220c63e5430 Uncommon trap: trap_request=0xffffff45 fr.pc=0x00000220af66b27c relative=0x000000000000343c
Event: 686.153 Thread 0x00000220c63e5430 Uncommon trap: reason=unstable_if action=reinterpret pc=0x00000220af66b27c method=com.st.components.swing.AutocompleteComboBox$1.getListCellRendererComponent(Ljavax/swing/JList;Ljava/lang/Object;IZZ)Ljava/awt/Component; @ 49 c2
Event: 686.153 Thread 0x00000220c63e5430 DEOPT PACKING pc=0x00000220af66b27c sp=0x00000033527fe9a0
Event: 686.153 Thread 0x00000220c63e5430 DEOPT UNPACKING pc=0x00000220adec4422 sp=0x00000033527fe988 mode 2

Classes loaded (20 events):
Event: 233.559 Loading class sun/text/resources/BreakIteratorResources
Event: 233.559 Loading class sun/util/resources/BreakIteratorResourceBundle
Event: 233.559 Loading class sun/util/resources/BreakIteratorResourceBundle done
Event: 233.559 Loading class sun/text/resources/BreakIteratorResources done
Event: 233.561 Loading class sun/text/RuleBasedBreakIterator
Event: 233.562 Loading class sun/text/RuleBasedBreakIterator done
Event: 233.563 Loading class sun/text/CompactByteArray
Event: 233.564 Loading class sun/text/CompactByteArray done
Event: 233.564 Loading class sun/text/SupplementaryCharacterData
Event: 233.564 Loading class sun/text/SupplementaryCharacterData done
Event: 233.564 Loading class java/text/BreakIterator$BreakIteratorCache
Event: 233.564 Loading class java/text/BreakIterator$BreakIteratorCache done
Event: 246.323 Loading class sun/awt/windows/WInputMethod$1
Event: 246.324 Loading class sun/awt/windows/WInputMethod$1 done
Event: 246.324 Loading class java/awt/font/TextHitInfo
Event: 246.324 Loading class java/awt/font/TextHitInfo done
Event: 374.585 Loading class java/awt/font/NumericShaper
Event: 374.589 Loading class java/awt/font/NumericShaper done
Event: 686.691 Loading class javax/swing/plaf/basic/BasicComboBoxUI$Actions
Event: 686.697 Loading class javax/swing/plaf/basic/BasicComboBoxUI$Actions done

Classes unloaded (20 events):
Event: 321.396 Thread 0x00000220bfffb2d0 Unloading class 0x0000000800ced000 'com/st/stm32cube/ide/common/services/mx/jar/core/mx/plugin/PlugInInstaller$PlugInRoot'
Event: 321.396 Thread 0x00000220bfffb2d0 Unloading class 0x0000000800cec400 'com/st/stm32cube/ide/common/services/mx/jar/core/mx/plugin/PlugInInstaller'
Event: 321.396 Thread 0x00000220bfffb2d0 Unloading class 0x0000000800ceccd8 'com/st/stm32cube/ide/common/services/mx/jar/core/mx/plugin/PlugIn'
Event: 321.396 Thread 0x00000220bfffb2d0 Unloading class 0x0000000800ceca00 'com/st/stm32cube/ide/common/services/mx/jar/core/mx/plugin/PlugInAbstract'
Event: 321.396 Thread 0x00000220bfffb2d0 Unloading class 0x0000000800cec800 'com/st/stm32cube/ide/common/services/mx/jar/core/mx/plugin/PlugInInterface'
Event: 677.542 Thread 0x00000220bfffb2d0 Unloading class 0x0000000800cfc9f8 'com/st/stm32cube/ide/common/services/mx/jar/core/mx/plugin/PlugInInstaller$PlugInRoot'
Event: 677.542 Thread 0x00000220bfffb2d0 Unloading class 0x0000000800cfc7b8 'com/st/stm32cube/ide/common/services/mx/jar/core/mx/plugin/PlugInInstaller'
Event: 677.542 Thread 0x00000220bfffb2d0 Unloading class 0x0000000800cfc4d8 'com/st/stm32cube/ide/common/services/mx/jar/core/mx/plugin/PlugIn'
Event: 677.542 Thread 0x00000220bfffb2d0 Unloading class 0x0000000800cfc200 'com/st/stm32cube/ide/common/services/mx/jar/core/mx/plugin/PlugInAbstract'
Event: 677.542 Thread 0x00000220bfffb2d0 Unloading class 0x0000000800cfc000 'com/st/stm32cube/ide/common/services/mx/jar/core/mx/plugin/PlugInInterface'
Event: 677.542 Thread 0x00000220bfffb2d0 Unloading class 0x0000000800ced000 'com/st/stm32cube/ide/common/services/mx/jar/core/mx/plugin/PlugInInstaller$PlugInRoot'
Event: 677.542 Thread 0x00000220bfffb2d0 Unloading class 0x0000000800cec400 'com/st/stm32cube/ide/common/services/mx/jar/core/mx/plugin/PlugInInstaller'
Event: 677.542 Thread 0x00000220bfffb2d0 Unloading class 0x0000000800ceccd8 'com/st/stm32cube/ide/common/services/mx/jar/core/mx/plugin/PlugIn'
Event: 677.542 Thread 0x00000220bfffb2d0 Unloading class 0x0000000800ceca00 'com/st/stm32cube/ide/common/services/mx/jar/core/mx/plugin/PlugInAbstract'
Event: 677.542 Thread 0x00000220bfffb2d0 Unloading class 0x0000000800cec800 'com/st/stm32cube/ide/common/services/mx/jar/core/mx/plugin/PlugInInterface'
Event: 678.502 Thread 0x00000220bfffb2d0 Unloading class 0x0000000800cff9f8 'com/st/stm32cube/ide/common/services/mx/jar/core/mx/plugin/PlugInInstaller$PlugInRoot'
Event: 678.502 Thread 0x00000220bfffb2d0 Unloading class 0x0000000800cff7b8 'com/st/stm32cube/ide/common/services/mx/jar/core/mx/plugin/PlugInInstaller'
Event: 678.502 Thread 0x00000220bfffb2d0 Unloading class 0x0000000800cff4d8 'com/st/stm32cube/ide/common/services/mx/jar/core/mx/plugin/PlugIn'
Event: 678.502 Thread 0x00000220bfffb2d0 Unloading class 0x0000000800cff200 'com/st/stm32cube/ide/common/services/mx/jar/core/mx/plugin/PlugInAbstract'
Event: 678.502 Thread 0x00000220bfffb2d0 Unloading class 0x0000000800cff000 'com/st/stm32cube/ide/common/services/mx/jar/core/mx/plugin/PlugInInterface'

Classes redefined (0 events):
No events

Internal exceptions (20 events):
Event: 558.143 Thread 0x00000220d4749a60 Exception <a 'java/io/IOException'{0x00000007fcc00fa8}> (0x00000007fcc00fa8) 
thrown [s\src\hotspot\share\prims\jni.cpp, line 520]
Event: 558.143 Thread 0x00000220d4749a60 Exception <a 'java/io/IOException'{0x00000007fcc01308}> (0x00000007fcc01308) 
thrown [s\src\hotspot\share\prims\jni.cpp, line 520]
Event: 558.143 Thread 0x00000220d4749a60 Exception <a 'java/io/IOException'{0x00000007fcc01618}> (0x00000007fcc01618) 
thrown [s\src\hotspot\share\prims\jni.cpp, line 520]
Event: 558.143 Thread 0x00000220d4749a60 Exception <a 'java/io/IOException'{0x00000007fcc01928}> (0x00000007fcc01928) 
thrown [s\src\hotspot\share\prims\jni.cpp, line 520]
Event: 558.143 Thread 0x00000220d4749a60 Exception <a 'java/io/IOException'{0x00000007fcc024c8}> (0x00000007fcc024c8) 
thrown [s\src\hotspot\share\prims\jni.cpp, line 520]
Event: 558.144 Thread 0x00000220d4749a60 Exception <a 'java/io/IOException'{0x00000007fcc027d8}> (0x00000007fcc027d8) 
thrown [s\src\hotspot\share\prims\jni.cpp, line 520]
Event: 558.144 Thread 0x00000220d4749a60 Exception <a 'java/io/IOException'{0x00000007fcc02b38}> (0x00000007fcc02b38) 
thrown [s\src\hotspot\share\prims\jni.cpp, line 520]
Event: 558.144 Thread 0x00000220d4749a60 Exception <a 'java/io/IOException'{0x00000007fcc02e48}> (0x00000007fcc02e48) 
thrown [s\src\hotspot\share\prims\jni.cpp, line 520]
Event: 558.144 Thread 0x00000220d4749a60 Exception <a 'java/io/IOException'{0x00000007fcc03158}> (0x00000007fcc03158) 
thrown [s\src\hotspot\share\prims\jni.cpp, line 520]
Event: 558.458 Thread 0x00000220d4749a60 Exception <a 'java/io/IOException'{0x000000072bebd368}> (0x000000072bebd368) 
thrown [s\src\hotspot\share\prims\jni.cpp, line 520]
Event: 558.458 Thread 0x00000220d4749a60 Exception <a 'java/io/IOException'{0x000000072bebd928}> (0x000000072bebd928) 
thrown [s\src\hotspot\share\prims\jni.cpp, line 520]
Event: 558.458 Thread 0x00000220d4749a60 Exception <a 'java/io/IOException'{0x000000072bebe7b8}> (0x000000072bebe7b8) 
thrown [s\src\hotspot\share\prims\jni.cpp, line 520]
Event: 558.458 Thread 0x00000220d4749a60 Exception <a 'java/io/IOException'{0x000000072bebed78}> (0x000000072bebed78) 
thrown [s\src\hotspot\share\prims\jni.cpp, line 520]
Event: 558.459 Thread 0x00000220d4749a60 Exception <a 'java/io/IOException'{0x000000072bebfe88}> (0x000000072bebfe88) 
thrown [s\src\hotspot\share\prims\jni.cpp, line 520]
Event: 558.459 Thread 0x00000220d4749a60 Exception <a 'java/io/IOException'{0x000000072bec0448}> (0x000000072bec0448) 
thrown [s\src\hotspot\share\prims\jni.cpp, line 520]
Event: 558.469 Thread 0x00000220d4749a60 Exception <a 'java/io/IOException'{0x000000072bed94f8}> (0x000000072bed94f8) 
thrown [s\src\hotspot\share\prims\jni.cpp, line 520]
Event: 558.469 Thread 0x00000220d4749a60 Exception <a 'java/io/IOException'{0x000000072bed9ab8}> (0x000000072bed9ab8) 
thrown [s\src\hotspot\share\prims\jni.cpp, line 520]
Event: 634.791 Thread 0x00000220c63e5430 Exception <a 'java/io/IOException'{0x00000007269fb9d8}> (0x00000007269fb9d8) 
thrown [s\src\hotspot\share\prims\jni.cpp, line 520]
Event: 634.791 Thread 0x00000220c63e5430 Exception <a 'java/io/IOException'{0x00000007269fc4f8}> (0x00000007269fc4f8) 
thrown [s\src\hotspot\share\prims\jni.cpp, line 520]
Event: 699.033 Thread 0x00000220c63e5430 Implicit null exception at 0x00000220ae672fc7 to 0x0000000000000000

ZGC Phase Switch (0 events):
No events

VM Operations (20 events):
Event: 698.263 Executing VM operation: G1PauseRemark
Event: 698.266 Executing VM operation: G1PauseRemark done
Event: 698.279 Executing VM operation: G1PauseCleanup
Event: 698.279 Executing VM operation: G1PauseCleanup done
Event: 698.427 Executing VM operation: G1CollectForAllocation (G1 Evacuation Pause)
Event: 698.429 Executing VM operation: G1CollectForAllocation (G1 Evacuation Pause) done
Event: 698.590 Executing VM operation: G1CollectForAllocation (G1 Evacuation Pause)
Event: 698.592 Executing VM operation: G1CollectForAllocation (G1 Evacuation Pause) done
Event: 698.624 Executing VM operation: G1PauseRemark
Event: 698.627 Executing VM operation: G1PauseRemark done
Event: 698.640 Executing VM operation: G1PauseCleanup
Event: 698.640 Executing VM operation: G1PauseCleanup done
Event: 698.771 Executing VM operation: G1CollectForAllocation (G1 Evacuation Pause)
Event: 698.773 Executing VM operation: G1CollectForAllocation (G1 Evacuation Pause) done
Event: 698.931 Executing VM operation: G1CollectForAllocation (G1 Evacuation Pause)
Event: 698.932 Executing VM operation: G1CollectForAllocation (G1 Evacuation Pause) done
Event: 698.965 Executing VM operation: G1PauseRemark
Event: 698.968 Executing VM operation: G1PauseRemark done
Event: 698.981 Executing VM operation: G1PauseCleanup
Event: 698.981 Executing VM operation: G1PauseCleanup done

Memory protections (0 events):
No events

Nmethod flushes (20 events):
Event: 690.060 Thread 0x00000220bfffb2d0 flushing  nmethod 0x00000220af0f4b90
Event: 690.060 Thread 0x00000220bfffb2d0 flushing  nmethod 0x00000220a791b490
Event: 690.060 Thread 0x00000220bfffb2d0 flushing  nmethod 0x00000220a7921510
Event: 690.060 Thread 0x00000220bfffb2d0 flushing  nmethod 0x00000220af787490
Event: 690.060 Thread 0x00000220bfffb2d0 flushing  nmethod 0x00000220a6eca790
Event: 690.060 Thread 0x00000220bfffb2d0 flushing  nmethod 0x00000220a837fa90
Event: 690.060 Thread 0x00000220bfffb2d0 flushing  nmethod 0x00000220a8384b10
Event: 690.060 Thread 0x00000220bfffb2d0 flushing  nmethod 0x00000220aee3da10
Event: 690.060 Thread 0x00000220bfffb2d0 flushing  nmethod 0x00000220a808ca10
Event: 690.060 Thread 0x00000220bfffb2d0 flushing  nmethod 0x00000220a7118f90
Event: 690.060 Thread 0x00000220bfffb2d0 flushing  nmethod 0x00000220aef2e290
Event: 690.060 Thread 0x00000220bfffb2d0 flushing  nmethod 0x00000220aeef0290
Event: 690.060 Thread 0x00000220bfffb2d0 flushing  nmethod 0x00000220a743e310
Event: 690.060 Thread 0x00000220bfffb2d0 flushing  nmethod 0x00000220a743f510
Event: 690.060 Thread 0x00000220bfffb2d0 flushing  nmethod 0x00000220a743f890
Event: 690.060 Thread 0x00000220bfffb2d0 flushing  nmethod 0x00000220a7440510
Event: 690.060 Thread 0x00000220bfffb2d0 flushing  nmethod 0x00000220a84cc410
Event: 690.410 Thread 0x00000220bfffb2d0 flushing  nmethod 0x00000220a7431d90
Event: 694.462 Thread 0x00000220bfffb2d0 flushing  nmethod 0x00000220a7d1ac90
Event: 694.819 Thread 0x00000220bfffb2d0 flushing  nmethod 0x00000220a6ac1c90

Events (20 events):
Event: 685.374 Thread 0x00000220c014f8f0 Thread added: 0x00000220d20f7f70
Event: 685.376 Thread 0x00000220d20f94a0 Thread added: 0x00000220cc157e80
Event: 685.378 Thread 0x00000220d20f9bb0 Thread added: 0x00000220cd5a4850
Event: 685.379 Thread 0x00000220d20f94a0 Thread added: 0x00000220cc157060
Event: 685.380 Thread 0x00000220d60e5e80 Thread added: 0x00000220c55a8920
Event: 686.149 Thread 0x00000220c55a8920 Thread exited: 0x00000220c55a8920
Event: 686.149 Thread 0x00000220cc157060 Thread exited: 0x00000220cc157060
Event: 686.691 Thread 0x00000220cd5a4850 Thread exited: 0x00000220cd5a4850
Event: 686.691 Thread 0x00000220d20f7860 Thread exited: 0x00000220d20f7860
Event: 686.700 Thread 0x00000220cc157e80 Thread exited: 0x00000220cc157e80
Event: 686.700 Thread 0x00000220d20f7f70 Thread exited: 0x00000220d20f7f70
Event: 686.700 Thread 0x00000220d20fb0e0 Thread exited: 0x00000220d20fb0e0
Event: 686.700 Thread 0x00000220d20f94a0 Thread exited: 0x00000220d20f94a0
Event: 686.700 Thread 0x00000220d20f9bb0 Thread exited: 0x00000220d20f9bb0
Event: 686.701 Thread 0x00000220d60e5e80 Thread exited: 0x00000220d60e5e80
Event: 686.701 Thread 0x00000220d60e5770 Thread exited: 0x00000220d60e5770
Event: 687.555 Thread 0x00000220d60e5060 Thread exited: 0x00000220d60e5060
Event: 687.942 Thread 0x00000220d60e6590 Thread exited: 0x00000220d60e6590
Event: 688.135 Thread 0x00000220c0144d50 Thread added: 0x00000220cb965e20
Event: 688.711 Thread 0x00000220cb965e20 Thread exited: 0x00000220cb965e20


Dynamic libraries:
0x00007ff693090000 - 0x00007ff69309e000 	E:\STM32CubeMX\jre\bin\javaw.exe
0x00007ffce3e80000 - 0x00007ffce40e7000 	C:\WINDOWS\SYSTEM32\ntdll.dll
0x00007ffce3140000 - 0x00007ffce3209000 	C:\WINDOWS\System32\KERNEL32.DLL
0x00007ffce1250000 - 0x00007ffce1647000 	C:\WINDOWS\System32\KERNELBASE.dll
0x00007ffcda8d0000 - 0x00007ffcda970000 	C:\WINDOWS\SYSTEM32\apphelp.dll
0x00007ffbfa4e0000 - 0x00007ffbfa986000 	C:\WINDOWS\SYSTEM32\AcLayers.DLL
0x00007ffce3cd0000 - 0x00007ffce3d79000 	C:\WINDOWS\System32\msvcrt.dll
0x00007ffce39e0000 - 0x00007ffce3a46000 	C:\WINDOWS\System32\SHLWAPI.dll
0x00007ffce1840000 - 0x00007ffce198b000 	C:\WINDOWS\System32\ucrtbase.dll
0x00007ffce09e0000 - 0x00007ffce124c000 	C:\WINDOWS\System32\Windows.Storage.dll
0x00007ffce2150000 - 0x00007ffce24d3000 	C:\WINDOWS\System32\combase.dll
0x00007ffce3330000 - 0x00007ffce3448000 	C:\WINDOWS\System32\RPCRT4.dll
0x00007ffce1790000 - 0x00007ffce1833000 	C:\WINDOWS\System32\msvcp_win.dll
0x00007ffce2090000 - 0x00007ffce2146000 	C:\WINDOWS\System32\advapi32.dll
0x00007ffce3630000 - 0x00007ffce36d7000 	C:\WINDOWS\System32\sechost.dll
0x00007ffcc1520000 - 0x00007ffcc1538000 	E:\STM32CubeMX\jre\bin\jli.dll
0x00007ffcc1500000 - 0x00007ffcc151e000 	E:\STM32CubeMX\jre\bin\VCRUNTIME140.dll
0x00007ffce3810000 - 0x00007ffce39d6000 	C:\WINDOWS\System32\USER32.dll
0x00007ffcb7c10000 - 0x00007ffcb7ea2000 	C:\WINDOWS\WinSxS\amd64_microsoft.windows.common-controls_6595b64144ccf1df_6.0.26100.8457_none_3e0b2faee331e92d\COMCTL32.dll
0x00007ffce1a50000 - 0x00007ffce1a77000 	C:\WINDOWS\System32\win32u.dll
0x00007ffce3d90000 - 0x00007ffce3dbb000 	C:\WINDOWS\System32\GDI32.dll
0x00007ffce08b0000 - 0x00007ffce09dc000 	C:\WINDOWS\System32\gdi32full.dll
0x00007ffce2980000 - 0x00007ffce29b2000 	C:\WINDOWS\System32\IMM32.DLL
0x00007ffcd9800000 - 0x00007ffcd980c000 	E:\STM32CubeMX\jre\bin\vcruntime140_1.dll
0x00007ffc9aa30000 - 0x00007ffc9aabd000 	E:\STM32CubeMX\jre\bin\msvcp140.dll
0x00007ffbc0ae0000 - 0x00007ffbc1880000 	E:\STM32CubeMX\jre\bin\server\jvm.dll
0x00007ffce24f0000 - 0x00007ffce2570000 	C:\WINDOWS\System32\WS2_32.dll
0x00007ffcdf4b0000 - 0x00007ffcdf50e000 	C:\WINDOWS\SYSTEM32\POWRPROF.dll
0x00007ffcd6230000 - 0x00007ffcd623b000 	C:\WINDOWS\SYSTEM32\VERSION.dll
0x00007ffcca410000 - 0x00007ffcca446000 	C:\WINDOWS\SYSTEM32\WINMM.dll
0x00007ffcdf490000 - 0x00007ffcdf4a4000 	C:\WINDOWS\SYSTEM32\UMPDC.dll
0x00007ffcdf760000 - 0x00007ffcdf77b000 	C:\WINDOWS\SYSTEM32\kernel.appcore.dll
0x00007ffcd5ab0000 - 0x00007ffcd5aba000 	E:\STM32CubeMX\jre\bin\jimage.dll
0x00007ffcddf20000 - 0x00007ffcde162000 	C:\WINDOWS\SYSTEM32\DBGHELP.DLL
0x00007ffce3a50000 - 0x00007ffce3b29000 	C:\WINDOWS\System32\OLEAUT32.dll
0x00007ffcd9790000 - 0x00007ffcd97cb000 	C:\WINDOWS\SYSTEM32\dbgcore.DLL
0x00007ffce1650000 - 0x00007ffce16f8000 	C:\WINDOWS\System32\bcryptPrimitives.dll
0x00007ffcbdcd0000 - 0x00007ffcbdcf0000 	E:\STM32CubeMX\jre\bin\java.dll
0x00007ffce29c0000 - 0x00007ffce312e000 	C:\WINDOWS\System32\SHELL32.dll
0x00007ffce3210000 - 0x00007ffce3306000 	C:\WINDOWS\System32\SHCORE.dll
0x00007ffce07d0000 - 0x00007ffce07f9000 	C:\WINDOWS\SYSTEM32\profapi.dll
0x00007ffc98720000 - 0x00007ffc987f7000 	E:\STM32CubeMX\jre\bin\jsvml.dll
0x00007ffcc25c0000 - 0x00007ffcc25d0000 	E:\STM32CubeMX\jre\bin\net.dll
0x00007ffcd79a0000 - 0x00007ffcd7ac9000 	C:\WINDOWS\SYSTEM32\WINHTTP.dll
0x00007ffcdfcd0000 - 0x00007ffcdfd3c000 	C:\WINDOWS\system32\mswsock.dll
0x00007ffcbdc20000 - 0x00007ffcbdc36000 	E:\STM32CubeMX\jre\bin\nio.dll
0x00007ffcbdc00000 - 0x00007ffcbdc18000 	E:\STM32CubeMX\jre\bin\zip.dll
0x00007ffcbdcc0000 - 0x00007ffcbdcca000 	E:\STM32CubeMX\jre\bin\management.dll
0x00007ffcbdbf0000 - 0x00007ffcbdbfc000 	E:\STM32CubeMX\jre\bin\management_ext.dll
0x00007ffce3d80000 - 0x00007ffce3d88000 	C:\WINDOWS\System32\PSAPI.DLL
0x00007ffcb45c0000 - 0x00007ffcb45d8000 	C:\WINDOWS\system32\napinsp.dll
0x00007ffcdf230000 - 0x00007ffcdf362000 	C:\WINDOWS\SYSTEM32\DNSAPI.dll
0x00007ffcdf1f0000 - 0x00007ffcdf222000 	C:\WINDOWS\SYSTEM32\IPHLPAPI.DLL
0x00007ffce3320000 - 0x00007ffce332a000 	C:\WINDOWS\System32\NSI.dll
0x00007ffcb45a0000 - 0x00007ffcb45b3000 	C:\WINDOWS\System32\winrnr.dll
0x00007ffcb4570000 - 0x00007ffcb4592000 	C:\WINDOWS\system32\nlansp_c.dll
0x00007ffcd6450000 - 0x00007ffcd6466000 	C:\WINDOWS\system32\wshbth.dll
0x00000000585d0000 - 0x00000000585db000 	C:\Program Files\National Instruments\Shared\mDNS Responder\nimdnsNSP.dll
0x00000000585b0000 - 0x00000000585c1000 	C:\WINDOWS\SYSTEM32\nimdnsResponder.dll
0x00007ffcd6390000 - 0x00007ffcd639b000 	C:\Windows\System32\rasadhlp.dll
0x00007ffcd8130000 - 0x00007ffcd81b6000 	C:\WINDOWS\System32\fwpuclnt.dll
0x00007ffc77650000 - 0x00007ffc777df000 	E:\STM32CubeMX\jre\bin\awt.dll
0x00007ffcdffb0000 - 0x00007ffcdffcb000 	C:\WINDOWS\SYSTEM32\CRYPTSP.dll
0x00007ffcdf6c0000 - 0x00007ffcdf6f9000 	C:\WINDOWS\system32\rsaenh.dll
0x00007ffcdfd80000 - 0x00007ffcdfdb3000 	C:\WINDOWS\SYSTEM32\USERENV.dll
0x00007ffce07a0000 - 0x00007ffce07ca000 	C:\WINDOWS\SYSTEM32\bcrypt.dll
0x00007ffcdffd0000 - 0x00007ffcdffdc000 	C:\WINDOWS\SYSTEM32\CRYPTBASE.dll
0x00007ffcdaa30000 - 0x00007ffcdaada000 	C:\WINDOWS\system32\uxtheme.dll
0x00007ffce2610000 - 0x00007ffce276c000 	C:\WINDOWS\System32\MSCTF.dll
0x00007ffcd97d0000 - 0x00007ffcd97d8000 	C:\WINDOWS\system32\OskSupport.dll
0x00007ffce3b30000 - 0x00007ffce3cc7000 	C:\WINDOWS\System32\ole32.dll
0x00007ffcdac40000 - 0x00007ffcdac6f000 	C:\WINDOWS\system32\DWMAPI.DLL
0x00007ffbfd950000 - 0x00007ffbfda5f000 	C:\WINDOWS\system32\opengl32.dll
0x00007ffc64170000 - 0x00007ffc6419d000 	C:\WINDOWS\SYSTEM32\GLU32.dll
0x00007ffcde610000 - 0x00007ffcde655000 	C:\WINDOWS\SYSTEM32\dxcore.dll
0x00007ffc98350000 - 0x00007ffc983d7000 	E:\STM32CubeMX\jre\bin\freetype.dll
0x00007ffc63aa0000 - 0x00007ffc63b92000 	E:\STM32CubeMX\jre\bin\fontmanager.dll
0x00007ffcb4dd0000 - 0x00007ffcb4de0000 	E:\STM32CubeMX\jre\bin\verify.dll
0x00007ffcb4dc0000 - 0x00007ffcb4dc9000 	E:\STM32CubeMX\jre\bin\prefs.dll
0x00007ffca5520000 - 0x00007ffca5561000 	C:\Users\25697\AppData\Local\Temp\jna-47808689\jna9672991293789569239.dll
0x00007ffca9360000 - 0x00007ffca9373000 	C:\WINDOWS\SYSTEM32\SortWindows61.dll
0x00007ffca8dd0000 - 0x00007ffca8dde000 	E:\STM32CubeMX\jre\bin\sunmscapi.dll
0x00007ffce1a80000 - 0x00007ffce1bf8000 	C:\WINDOWS\System32\CRYPT32.dll
0x00007ffce01d0000 - 0x00007ffce0200000 	C:\WINDOWS\SYSTEM32\ncrypt.dll
0x00007ffce0180000 - 0x00007ffce01bf000 	C:\WINDOWS\SYSTEM32\NTASN1.dll
0x00007ffce00e0000 - 0x00007ffce00f3000 	C:\WINDOWS\SYSTEM32\MSASN1.dll
0x00007ffce05c0000 - 0x00007ffce05ca000 	C:\WINDOWS\SYSTEM32\DPAPI.dll
0x00007ffcdfd40000 - 0x00007ffcdfd6f000 	C:\WINDOWS\SYSTEM32\gpapi.dll
0x00007ffca6690000 - 0x00007ffca6699000 	E:\STM32CubeMX\jre\bin\extnet.dll
0x00007ffca6660000 - 0x00007ffca668f000 	E:\STM32CubeMX\jre\bin\javajpeg.dll
0x00007ffce36e0000 - 0x00007ffce378e000 	C:\WINDOWS\System32\clbcatq.dll
0x00007ffcd9d40000 - 0x00007ffcd9f6d000 	C:\WINDOWS\SYSTEM32\WindowsCodecs.dll
0x00007ffc761c0000 - 0x00007ffc7621a000 	C:\WINDOWS\system32\dataexchange.dll
0x00007ffcc3400000 - 0x00007ffcc364e000 	C:\WINDOWS\system32\twinapi.appcore.dll
0x00007ffca95a0000 - 0x00007ffca96e6000 	C:\WINDOWS\SYSTEM32\textinputframework.dll
0x00007ffc63970000 - 0x00007ffc63a96000 	C:\Users\25697\.stm32cubemx\.jxbrowser-8.15.0\Chromium\toolkit64.dll
0x00007ffbfa3c0000 - 0x00007ffbfa4de000 	C:\Users\25697\.stm32cubemx\.jxbrowser-8.15.0\Chromium\ipc64.dll
0x00007ffcda600000 - 0x00007ffcda727000 	C:\WINDOWS\SYSTEM32\CoreMessaging.dll
0x00007ffccc240000 - 0x00007ffccc522000 	C:\WINDOWS\SYSTEM32\CoreUIComponents.dll
0x00007ffcd8790000 - 0x00007ffcd88fa000 	C:\WINDOWS\SYSTEM32\wintypes.dll
0x00007ffc79a30000 - 0x00007ffc79e4f000 	C:\Windows\System32\uiautomationcore.dll
0x00007ffca1180000 - 0x00007ffca11f6000 	C:\Windows\System32\OLEACC.dll
0x00007ffbfa140000 - 0x00007ffbfa23a000 	C:\Users\25697\AppData\Local\Temp\sqlite-3.49.1.0-5b106b37-460a-4081-a239-fd9c16c71b07-sqlitejdbc.dll
0x00007ffcdf880000 - 0x00007ffcdf8b6000 	C:\WINDOWS\SYSTEM32\ntmarta.dll

JVMTI agents: none

dbghelp: loaded successfully - version: 4.0.5 - missing functions: none
symbol engine: initialized successfully - sym options: 0x614 - pdb path: .;E:\STM32CubeMX\jre\bin;C:\WINDOWS\SYSTEM32;C:\WINDOWS\WinSxS\amd64_microsoft.windows.common-controls_6595b64144ccf1df_6.0.26100.8457_none_3e0b2faee331e92d;E:\STM32CubeMX\jre\bin\server;C:\Program Files\National Instruments\Shared\mDNS Responder;C:\Users\25697\AppData\Local\Temp\jna-47808689;C:\Users\25697\.stm32cubemx\.jxbrowser-8.15.0\Chromium;C:\Users\25697\AppData\Local\Temp

VM Arguments:
jvm_args: -Djavax.net.ssl.trustStoreType=WINDOWS-ROOT -Dsun.java2d.d3d=false --add-exports=java.desktop/sun.awt=ALL-UNNAMED --add-opens=java.desktop/java.awt=ALL-UNNAMED -Dfile.encoding=UTF8 
java_command: com.st.microxplorer.maingui.STM32CubeMX E:\AWL_WORK\Wheel-legged\Wheel-legged\Wheel-legged.ioc
java_class_path (initial): E:\STM32CubeMX\STM32CubeMX.exe;anything
Launcher Type: SUN_STANDARD

[Global flags]
     intx CICompilerCount                          = 15                                        {product} {ergonomic}
     uint ConcGCThreads                            = 6                                         {product} {ergonomic}
     uint G1ConcRefinementThreads                  = 23                                        {product} {ergonomic}
   size_t G1HeapRegionSize                         = 2097152                                   {product} {ergonomic}
    uintx GCDrainStackTargetSize                   = 64                                        {product} {ergonomic}
   size_t InitialHeapSize                          = 264241152                                 {product} {ergonomic}
   size_t MarkStackSize                            = 4194304                                   {product} {ergonomic}
   size_t MaxHeapSize                              = 4219469824                                {product} {ergonomic}
   size_t MaxNewSize                               = 2531262464                                {product} {ergonomic}
   size_t MinHeapDeltaBytes                        = 2097152                                   {product} {ergonomic}
   size_t MinHeapSize                              = 8388608                                   {product} {ergonomic}
    uintx NonNMethodCodeHeapSize                   = 8192380                                {pd product} {ergonomic}
    uintx NonProfiledCodeHeapSize                  = 121732930                              {pd product} {ergonomic}
    uintx ProfiledCodeHeapSize                     = 121732930                              {pd product} {ergonomic}
    uintx ReservedCodeCacheSize                    = 251658240                              {pd product} {ergonomic}
     bool SegmentedCodeCache                       = true                                      {product} {ergonomic}
   size_t SoftMaxHeapSize                          = 4219469824                             {manageable} {ergonomic}
     bool UseCompressedOops                        = true                           {product lp64_product} {ergonomic}
     bool UseG1GC                                  = true                                      {product} {ergonomic}
     bool UseLargePagesIndividualAllocation        = false                                  {pd product} {ergonomic}

Logging:
Log output configuration:
 #0: stdout all=warning uptime,level,tags foldmultilines=false
 #1: stderr all=off uptime,level,tags foldmultilines=false

Release file:
JAVA_VERSION="21.0.9" 
MODULES="java.base java.compiler java.datatransfer java.xml java.prefs java.desktop java.instrument java.logging java.management java.security.sasl java.naming java.rmi java.management.rmi java.net.http java.scripting java.security.jgss java.transaction.xa java.sql java.sql.rowset java.xml.crypto java.se java.smartcardio jdk.jfr javafx.base jdk.unsupported javafx.graphics javafx.controls javafx.fxml javafx.media jdk.unsupported.desktop javafx.swing jdk.jsobject jdk.xml.dom javafx.web jdk.accessibility jdk.internal.jvmstat jdk.attach jdk.charsets jdk.internal.opt jdk.zipfs jdk.compiler jdk.crypto.ec jdk.crypto.cryptoki jdk.crypto.mscapi jdk.dynalink jdk.internal.ed jdk.editpad jdk.httpserver jdk.incubator.vector jdk.internal.le jdk.internal.vm.ci jdk.internal.vm.compiler jdk.internal.vm.compiler.management jdk.jartool jdk.javadoc jdk.jdeps jdk.jdwp.agent jdk.jdi jdk.jlink jdk.jpackage jdk.jshell jdk.jstatd jdk.localedata jdk.management jdk.management.agent jdk.management.jfr jdk.naming.dns jdk.naming.rmi jdk.net jdk.nio.mapmode jdk.random jdk.sctp jdk.security.auth jdk.security.jgss" 

Environment Variables:
PATH=F:\Environment_All\Python\Scripts\;F:\Environment_All\Python\;D:\VMware Workstation Pro\bin\;C:\Program Files\MySQL\mysql\bin;C:\WINDOWS\system32;C:\WINDOWS;C:\WINDOWS\System32\Wbem;C:\WINDOWS\System32\WindowsPowerShell\v1.0\;C:\WINDOWS\System32\OpenSSH\;C:\Program Files\dotnet\;C:\Program Files (x86)\Windows Kits\10\Windows Performance Toolkit\;C:\Program Files\NVIDIA Corporation\NVIDIA app\NvDLISR;F:\MATLAB R2024b\runtime\win64;F:\MATLAB R2024b\bin;C:\Users\25697\AppData\Local\Programs\Python\Launcher\;C:\Users\25697\AppData\Local\Microsoft\WindowsApps;D:\Microsoft VS Code\bin;F:\mingw64\bin;C:\Program Files (x86)\NVIDIA Corporation\PhysX\Common;F:\Environment_All\Node.js\;E:\SunShine;E:\SunShine\tools;E:\Webots\lib\controller;E:\Webots\msys64\mingw64\bin;D:\Git\Git\cmd;C:\Users\25697\AppData\Local\Programs\oh-my-posh\bin\;C:\Users\25697\.local\bin;C:\Users\25697\AppData\Local\Programs\Python\Launcher\;C:\Users\25697\AppData\Local\Microsoft\WindowsApps;F:\mingw64\bin;F:\Environment_All\Ozone;D:\JLink_Windows_V722b\JLink;F:\Environment_All\gcc-arm-none-eabi-10.3-2021.10-win32\gcc-arm-none-eabi-10.3-2021.10\bin;F:\Environment_All\Pycharm\PyCharm 2025.2.2\bin;C:\Users\25697\AppData\Roaming\npm;E:\Webots;E:\Webots\lib\controller;E:\Webots\msys64\mingw64\bin;E:\Webots\msys64\mingw64\bin\cpp;E:\Microsoft VS Code\bin;E:\STM32CubeMX\.\jre\\bin
USERNAME=25697
OS=Windows_NT
PROCESSOR_IDENTIFIER=Intel64 Family 6 Model 183 Stepping 1, GenuineIntel
TMP=C:\Users\25697\AppData\Local\Temp
TEMP=C:\Users\25697\AppData\Local\Temp




Periodic native trim disabled

---------------  S Y S T E M  ---------------

OS:
 Windows 11 , 64 bit Build 26100 (10.0.26100.8328)
OS uptime: 0 days 4:41 hours
Hyper-V role detected

CPU: total 32 (initial active 32) (16 cores per cpu, 2 threads per core) family 6 model 183 stepping 1 microcode 0x11f, cx8, cmov, fxsr, ht, mmx, 3dnowpref, sse, sse2, sse3, ssse3, sse4.1, sse4.2, popcnt, lzcnt, tsc, tscinvbit, avx, avx2, aes, erms, clmul, bmi1, bmi2, adx, sha, fma, vzeroupper, clflush, clflushopt, clwb, hv, serialize, rdtscp, rdpid, fsrm, f16c, cet_ibt, cet_ss
Processor Information for processor 0
  Max Mhz: 2200, Current Mhz: 2200, Mhz Limit: 2200
Processor Information for processor 1
  Max Mhz: 2200, Current Mhz: 1466, Mhz Limit: 2200
Processor Information for processor 2
  Max Mhz: 2200, Current Mhz: 2200, Mhz Limit: 2200
Processor Information for processor 3
  Max Mhz: 2200, Current Mhz: 2200, Mhz Limit: 2200
Processor Information for processor 4
  Max Mhz: 2200, Current Mhz: 2200, Mhz Limit: 2200
Processor Information for processor 5
  Max Mhz: 2200, Current Mhz: 1466, Mhz Limit: 2200
Processor Information for processor 6
  Max Mhz: 2200, Current Mhz: 2200, Mhz Limit: 2200
Processor Information for processor 7
  Max Mhz: 2200, Current Mhz: 1466, Mhz Limit: 2200
Processor Information for processor 8
  Max Mhz: 2200, Current Mhz: 2200, Mhz Limit: 2200
Processor Information for processor 9
  Max Mhz: 2200, Current Mhz: 1466, Mhz Limit: 2200
Processor Information for processor 10
  Max Mhz: 2200, Current Mhz: 2200, Mhz Limit: 2200
Processor Information for processor 11
  Max Mhz: 2200, Current Mhz: 2200, Mhz Limit: 2200
Processor Information for processor 12
  Max Mhz: 2200, Current Mhz: 2200, Mhz Limit: 2200
Processor Information for processor 13
  Max Mhz: 2200, Current Mhz: 2200, Mhz Limit: 2200
Processor Information for processor 14
  Max Mhz: 2200, Current Mhz: 2200, Mhz Limit: 2200
Processor Information for processor 15
  Max Mhz: 2200, Current Mhz: 1466, Mhz Limit: 2200
Processor Information for processor 16
  Max Mhz: 2200, Current Mhz: 1500, Mhz Limit: 1584
Processor Information for processor 17
  Max Mhz: 2200, Current Mhz: 1500, Mhz Limit: 1584
Processor Information for processor 18
  Max Mhz: 2200, Current Mhz: 1500, Mhz Limit: 1584
Processor Information for processor 19
  Max Mhz: 2200, Current Mhz: 1500, Mhz Limit: 1584
Processor Information for processor 20
  Max Mhz: 2200, Current Mhz: 1500, Mhz Limit: 1584
Processor Information for processor 21
  Max Mhz: 2200, Current Mhz: 1500, Mhz Limit: 1584
Processor Information for processor 22
  Max Mhz: 2200, Current Mhz: 1500, Mhz Limit: 1584
Processor Information for processor 23
  Max Mhz: 2200, Current Mhz: 1500, Mhz Limit: 1584
Processor Information for processor 24
  Max Mhz: 2200, Current Mhz: 1500, Mhz Limit: 1584
Processor Information for processor 25
  Max Mhz: 2200, Current Mhz: 1500, Mhz Limit: 1584
Processor Information for processor 26
  Max Mhz: 2200, Current Mhz: 1500, Mhz Limit: 1584
Processor Information for processor 27
  Max Mhz: 2200, Current Mhz: 1500, Mhz Limit: 1584
Processor Information for processor 28
  Max Mhz: 2200, Current Mhz: 1500, Mhz Limit: 1584
Processor Information for processor 29
  Max Mhz: 2200, Current Mhz: 1500, Mhz Limit: 1584
Processor Information for processor 30
  Max Mhz: 2200, Current Mhz: 1500, Mhz Limit: 1584
Processor Information for processor 31
  Max Mhz: 2200, Current Mhz: 1500, Mhz Limit: 1584

Memory: 4k page, system-wide physical 16088M (3103M free)
TotalPageFile size 31448M (AvailPageFile size 11160M)
current process WorkingSet (physical memory assigned to process): 1153M, peak: 1194M
current process commit charge ("private bytes"): 1203M, peak: 1245M

vm_info: OpenJDK 64-Bit Server VM (21.0.9+10-LTS) for windows-amd64 JRE (21.0.9+10-LTS), built on 2025-10-21T00:00:00Z by "admin" with unknown MS VC++:1942

END.
